#
# A fatal error has been detected by the Java Runtime Environment:
#
#  EXCEPTION_ACCESS_VIOLATION (0xc0000005) at pc=0x00007fffed670c55, pid=21256, tid=21192
#
# JRE version: Java(TM) SE Runtime Environment (26.0.1+8) (build 26.0.1+8-34)
# Java VM: Java HotSpot(TM) 64-Bit Server VM (26.0.1+8-34, mixed mode, sharing, tiered, compressed oops, compressed class ptrs, g1 gc, windows-amd64)
# Problematic frame:
# C  [ig11icd64.dll+0x40c55]
#
# No core dump will be written. Minidumps are not enabled by default on client versions of Windows
#
# If you would like to submit a bug report, please visit:
#   https://bugreport.java.com/bugreport/crash.jsp
#

---------------  S U M M A R Y ------------

Command Line: -Dfabric.dli.config=C:\Users\Vex4D\OneDrive\Documents\archoptimize\versions\26.1.2\.gradle\loom-cache\launch.cfg -Dfabric.dli.env=client -Dfabric.dli.main=net.fabricmc.loader.impl.launch.knot.KnotClient --sun-misc-unsafe-memory-access=allow --enable-native-access=ALL-UNNAMED -Dfile.encoding=UTF-8 -Duser.country=US -Duser.language=en -Duser.variant net.fabricmc.devlaunchinjector.Main

Host: Intel(R) Core(TM) i5-1035G1 CPU @ 1.00GHz, 8 cores, 7G,  Windows 11 , 64 bit Build 26100 (10.0.26100.8328)
Time: Mon May 25 12:05:21 2026 Egypt Daylight Time elapsed time: 28.815658 seconds (0d 0h 0m 28s)

---------------  T H R E A D  ---------------

Current thread (0x00000200e2af66c0):  VMThread "VM Thread"          [id=21192, stack(0x000000eb71400000,0x000000eb71500000) (1024K)]

Stack: [0x000000eb71400000,0x000000eb71500000],  sp=0x000000eb714fe790,  free space=1017k
Native frames: (J=compiled Java code, j=interpreted, Vv=VM code, C=native code)
C  [ig11icd64.dll+0x40c55]  (no source info available)
C  [ig11icd64.dll+0x24136]  (no source info available)
C  [ig11icd64.dll+0x20d364]  (no source info available)
C  [ig11icd64.dll+0x896cb]  (no source info available)
C  [ig11icd64.dll+0x151c93]  (no source info available)
C  [ig11icd64.dll+0x1bccd]  (no source info available)
C  [ig11icd64.dll+0x9549eb]  (no source info available)
C  [ntdll.dll+0x15f98a]  (no source info available)
C  [ntdll.dll+0x12d23]  (no source info available)
C  [ntdll.dll+0x2cef]  (no source info available)
C  [ntdll.dll+0x43be]  (no source info available)
C  [KERNEL32.DLL+0x417fb]  (no source info available)
C  [ucrtbase.dll+0xa00b3]  (no source info available)
V  [jvm.dll+0x7d0b6a]  (no source info available)
V  [jvm.dll+0x7d1031]  (no source info available)
V  [jvm.dll+0x7d0b50]  (no source info available)
V  [jvm.dll+0x48f5a4]  (no source info available)
V  [jvm.dll+0x9b9c21]  (no source info available)
V  [jvm.dll+0x9babeb]  (no source info available)
V  [jvm.dll+0x9bb0fc]  (no source info available)
V  [jvm.dll+0x9bb579]  (no source info available)
V  [jvm.dll+0x9bb823]  (no source info available)
V  [jvm.dll+0x94f649]  (no source info available)
V  [jvm.dll+0x7d7358]  (no source info available)
C  [ucrtbase.dll+0x37b0]  (no source info available)
C  [KERNEL32.DLL+0x2e957]  (no source info available)
C  [ntdll.dll+0x427c]  (no source info available)


siginfo: EXCEPTION_ACCESS_VIOLATION (0xc0000005), reading address 0x0000000000034858


Registers:
RAX=0x0000020087edc0f0, RBX=0x0000020087edbff0, RCX=0x0000000000000000, RDX=0x0000020087edc0b8
RSP=0x000000eb714fe790, RBP=0x0000000000000000, RSI=0x0000020087edb0c0, RDI=0x0000020088a0f3a0
R8 =0x00000200e0450300, R9 =0x000000eb7060c000, R10=0x0000000000000000, R11=0x0000000000000246
R12=0x0000020089f72e00, R13=0x0000000000000000, R14=0x0000020087edc480, R15=0x0000000000000000
RIP=0x00007fffed670c55, EFLAGS=0x0000000000010206

XMM[0]=0x0000000000000000 0x0000000000000000
XMM[1]=0x0000000000000000 0x0000000000000000
XMM[2]=0x0000000000000000 0x0000000000000000
XMM[3]=0x0000000000000000 0x0000000000000000
XMM[4]=0x0000000000000000 0x0000000000000000
XMM[5]=0x0000000000000000 0x0000000000000000
XMM[6]=0x0000000000000000 0x0000000000000000
XMM[7]=0x0000000000000000 0x0000000000000000
XMM[8]=0x0000000000000000 0x404e000000000000
XMM[9]=0x0000000000000000 0x0000000000000000
XMM[10]=0x0000000000000000 0x0000000000000000
XMM[11]=0x0000000000000000 0x0000000000000000
XMM[12]=0x0000000000000000 0x0000000000000000
XMM[13]=0x0000000000000000 0x0000000000000000
XMM[14]=0x0000000000000000 0x0000000000000000
XMM[15]=0x0000000000000000 0x0000000000000000
  MXCSR=0x00001fa0


Register to memory mapping:

RAX=0x0000020087edc0f0 points into unknown readable memory: 0x000000000000007c | 7c 00 00 00 00 00 00 00
RBX=0x0000020087edbff0 points into unknown readable memory: 0x0000020084eb4050 | 50 40 eb 84 00 02 00 00
RCX=0x0 is null
RDX=0x0000020087edc0b8 points into unknown readable memory: 0x0000000000000000 | 00 00 00 00 00 00 00 00
RSP=0x000000eb714fe790 points into unknown readable memory: 0x0000020088b45820 | 20 58 b4 88 00 02 00 00
RBP=0x0 is null
RSI=0x0000020087edb0c0 points into unknown readable memory: 0x0000020084eb4050 | 50 40 eb 84 00 02 00 00
RDI=0x0000020088a0f3a0 points into unknown readable memory: 0x00007ff86cc71500 | 00 15 c7 6c f8 7f 00 00
R8 =0x00000200e0450300 points into unknown readable memory: 0x00007ffffbf0ed10 | 10 ed f0 fb ff 7f 00 00
R9 =0x000000eb7060c000 points into unknown readable memory: 0x0000000000000000 | 00 00 00 00 00 00 00 00
R10=0x0 is null
R11=0x0000000000000246 is an unknown value
R12=0x0000020089f72e00 points into unknown readable memory: 0x0000000000000000 | 00 00 00 00 00 00 00 00
R13=0x0 is null
R14=0x0000020087edc480 points into unknown readable memory: 0x0000020087edb0c0 | c0 b0 ed 87 00 02 00 00
R15=0x0 is null

Top of Stack: (sp=0x000000eb714fe790)
0x000000eb714fe790:   0000020088b45820 028f19e0036e0be0    X........n.....
0x000000eb714fe7a0:   02bad4e0037dbce0 02ac83e101996de1   ..}......m......
0x000000eb714fe7b0:   fffffffffffffffe 0000005400000000   ............T...
0x000000eb714fe7c0:   00000000000000b0 0000000000000000   ................
0x000000eb714fe7d0:   000000000000007d 0000020089f72e70   }.......p.......
0x000000eb714fe7e0:   0000b802008600a8 00007fffed654136   ........6Ae.....
0x000000eb714fe7f0:   0000020088b45820 0000020088a0f3a0    X..............
0x000000eb714fe800:   000000eb714fe8f0 0000000000000000   ..Oq............
0x000000eb714fe810:   034834ea00000000 0000000000000000   .....4H.........
0x000000eb714fe820:   02b3feea026cbcea 037b38eb038b37eb   ..l......7...8{.
0x000000eb714fe830:   035699eb01df7feb 038ec7ec027a29ec   ......V..)z.....
0x000000eb714fe840:   034d24ee038711ee 02f5e0ee036d84ee   .....$M...m.....
0x000000eb714fe850:   038021f002b303f0 039c40f0029f24f0   .....!...$...@..
0x000000eb714fe860:   03717ff0036d61f0 02f31ef100b6e0f0   .am...q.........
0x000000eb714fe870:   0000020093d20000 0000000000000001   ................
0x000000eb714fe880:   0000000000000001 0000020089b26c88   .........l......
0x000000eb714fe890:   0000b802008600a8 00000000000023ec   .........#......
0x000000eb714fe8a0:   0000000000000000 8000060000000001   ................
0x000000eb714fe8b0:   0000000000000000 0000000000000000   ................
0x000000eb714fe8c0:   0000000000000000 0000000000000000   ................
0x000000eb714fe8d0:   0000000000000000 0000000000000000   ................
0x000000eb714fe8e0:   0000000000000000 0000000000000000   ................
0x000000eb714fe8f0:   0000000000000000 0000000000000000   ................
0x000000eb714fe900:   0000000000000000 0000000000000000   ................
0x000000eb714fe910:   0000000000000000 0000000000000000   ................
0x000000eb714fe920:   0000000000000000 0000000000000000   ................
0x000000eb714fe930:   0000000000000000 0000000000000000   ................
0x000000eb714fe940:   0000000000000000 0000000000000000   ................
0x000000eb714fe950:   0000000000000000 0000000000000000   ................
0x000000eb714fe960:   0000000000000000 0000000000000000   ................
0x000000eb714fe970:   0000000000000000 0000000000000000   ................
0x000000eb714fe980:   0000000000000000 0000000000000000   ................

Instructions: (pc=0x00007fffed670c55)
  0x00007fffed670b55:   00 00 00 00 48 c7 87 a0 02 00 00 00 00 00 00 48
  0x00007fffed670b65:   c7 87 90 02 00 00 00 00 00 00 48 85 ed 75 1c 65
  0x00007fffed670b75:   48 8b 0c 25 58 00 00 00 8b 05 51 ee e6 00 bd 10
  0x00007fffed670b85:   00 00 00 48 8b 04 c1 48 8b 2c 28 48 85 f6 0f 84
  0x00007fffed670b95:   53 03 00 00 0f 1f 80 00 00 00 00 48 8b de 4c 8d
  0x00007fffed670ba5:   b6 90 04 00 00 49 8b 36 45 84 ff 0f 85 eb 02 00
  0x00007fffed670bb5:   00 8b 8f e0 01 00 00 48 8b 05 7d 25 c8 00 83 b8
  0x00007fffed670bc5:   70 03 00 00 02 0f 85 f9 00 00 00 48 8d 93 c8 00
  0x00007fffed670bd5:   00 00 83 f9 10 73 06 48 6b c1 38 eb 5d 44 8d 41
  0x00007fffed670be5:   f0 41 8b c0 c1 e8 04 83 f8 03 73 20 0f ae e8 41
  0x00007fffed670bf5:   83 e0 0f 4c 8b 8c c2 80 03 00 00 4d 85 c9 74 28
  0x00007fffed670c05:   41 8b c0 48 6b c0 38 49 03 c1 eb 31 48 8b 82 98
  0x00007fffed670c15:   03 00 00 48 85 c0 74 10 0f 1f 00 39 08 74 29 48
  0x00007fffed670c25:   8b 40 40 48 85 c0 75 f3 80 ba a0 03 00 00 00 74
  0x00007fffed670c35:   1d 8b c1 83 e0 0f 48 6b c0 38 48 03 c2 48 85 c0
  0x00007fffed670c45:   74 0c 48 8b 48 08 eb 08 48 83 c0 08 eb ef 33 c9
=>0x00007fffed670c55:   48 3b 8d 58 48 03 00 76 6b 48 8b 87 80 02 00 00
  0x00007fffed670c65:   49 89 06 48 89 9f 80 02 00 00 ff 87 88 02 00 00
  0x00007fffed670c75:   48 8b 4b 08 48 8b 01 ba 01 00 00 00 48 8b 80 d0
  0x00007fffed670c85:   02 00 00 ff 15 fa d9 a0 00 0f b7 c8 48 2b c1 48
  0x00007fffed670c95:   05 00 00 01 00 48 01 87 90 02 00 00 48 8b 4b 08
  0x00007fffed670ca5:   48 8b 01 ba 01 00 00 00 48 8b 80 d0 02 00 00 ff
  0x00007fffed670cb5:   15 ce d9 a0 00 48 01 87 a0 02 00 00 41 b4 01 e9
  0x00007fffed670cc5:   e3 01 00 00 44 8b 9f e0 01 00 00 48 8b 87 f8 01
  0x00007fffed670cd5:   00 00 4c 8b 10 8b 8f e0 01 00 00 48 8d 93 c8 00
  0x00007fffed670ce5:   00 00 83 f9 10 73 06 48 6b c1 38 eb 5d 44 8d 41
  0x00007fffed670cf5:   f0 41 8b c0 c1 e8 04 83 f8 03 73 20 0f ae e8 41
  0x00007fffed670d05:   83 e0 0f 4c 8b 8c c2 80 03 00 00 4d 85 c9 74 28
  0x00007fffed670d15:   41 8b c0 48 6b c0 38 49 03 c1 eb 31 48 8b 82 98
  0x00007fffed670d25:   03 00 00 48 85 c0 74 10 0f 1f 00 39 08 74 3e 48
  0x00007fffed670d35:   8b 40 40 48 85 c0 75 f3 80 ba a0 03 00 00 00 74
  0x00007fffed670d45:   1b 8b c1 83 e0 0f 48 6b c0 38 48 03 c2 48 85 c0


Stack slot to memory mapping:

stack at sp + 0 slots: 0x0000020088b45820 points into unknown readable memory: 0xffffffffffffffff | ff ff ff ff ff ff ff ff
stack at sp + 1 slots: 0x028f19e0036e0be0 is an unknown value
stack at sp + 2 slots: 0x02bad4e0037dbce0 is an unknown value
stack at sp + 3 slots: 0x02ac83e101996de1 is an unknown value
stack at sp + 4 slots: 0xfffffffffffffffe is an unknown value
stack at sp + 5 slots: 0x0000005400000000 is an unknown value
stack at sp + 6 slots: 0x00000000000000b0 is an unknown value
stack at sp + 7 slots: 0x0 is null

VM_Operation (0x000000eb70cfece0): Exit, mode: safepoint, requested by thread 0x00000200e2a5b2c0


---------------  P R O C E S S  ---------------

Threads class SMR info:
_java_thread_list=0x0000020084d81410, length=20, elements={
0x00000200e2a5b2c0, 0x00000200fff1c1c0, 0x00000200fff1cc10, 0x00000200fff1fa70,
0x00000200fff21630, 0x00000200fff231f0, 0x00000200fff23da0, 0x00000200fff25090,
0x00000200fff2e8c0, 0x00000200840f0cd0, 0x000002008408f3a0, 0x0000020088bc2fa0,
0x0000020088bc0890, 0x00000200fff4ca60, 0x0000020084c29010, 0x0000020084c2af50,
0x0000020084c2bef0, 0x0000020084c29fb0, 0x0000020088bba810, 0x00000200857d3f20
}

Java Threads: ( => current thread )
  0x00000200e2a5b2c0 JavaThread "Render thread"                     [_thread_blocked, id=12560, stack(0x000000eb70c00000,0x000000eb70d00000) (1024K)]
  0x00000200fff1c1c0 JavaThread "Reference Handler"          daemon [_thread_blocked, id=21704, stack(0x000000eb71500000,0x000000eb71600000) (1024K)]
  0x00000200fff1cc10 JavaThread "Finalizer"                  daemon [_thread_blocked, id=22920, stack(0x000000eb71600000,0x000000eb71700000) (1024K)]
  0x00000200fff1fa70 JavaThread "Signal Dispatcher"          daemon [_thread_blocked, id=21012, stack(0x000000eb71700000,0x000000eb71800000) (1024K)]
  0x00000200fff21630 JavaThread "Attach Listener"            daemon [_thread_blocked, id=23396, stack(0x000000eb71800000,0x000000eb71900000) (1024K)]
  0x00000200fff231f0 JavaThread "Service Thread"             daemon [_thread_blocked, id=8324, stack(0x000000eb71900000,0x000000eb71a00000) (1024K)]
  0x00000200fff23da0 JavaThread "Monitor Deflation Thread"   daemon [_thread_blocked, id=12544, stack(0x000000eb71a00000,0x000000eb71b00000) (1024K)]
  0x00000200fff25090 JavaThread "C2 CompilerThread0"         daemon [_thread_blocked, id=21300, stack(0x000000eb71b00000,0x000000eb71c00000) (1024K)]
  0x00000200fff2e8c0 JavaThread "C1 CompilerThread0"         daemon [_thread_blocked, id=19172, stack(0x000000eb71c00000,0x000000eb71d00000) (1024K)]
  0x00000200840f0cd0 JavaThread "Notification Thread"        daemon [_thread_blocked, id=1728, stack(0x000000eb71d00000,0x000000eb71e00000) (1024K)]
  0x000002008408f3a0 JavaThread "Common-Cleaner"             daemon [_thread_blocked, id=9340, stack(0x000000eb71e00000,0x000000eb71f00000) (1024K)]
  0x0000020088bc2fa0 JavaThread "JNA Cleaner"                daemon [_thread_blocked, id=23176, stack(0x000000eb72900000,0x000000eb72a00000) (1024K)]
  0x0000020088bc0890 JavaThread "Timer hack thread"          daemon [_thread_blocked, id=23324, stack(0x000000eb72000000,0x000000eb72100000) (1024K)]
  0x00000200fff4ca60 JavaThread "Yggdrasil Key Fetcher"      daemon [_thread_blocked, id=18752, stack(0x000000eb72d00000,0x000000eb72e00000) (1024K)]
  0x0000020084c29010 JavaThread "Download-1"                 daemon [_thread_blocked, id=5220, stack(0x000000eb72e00000,0x000000eb72f00000) (1024K)]
  0x0000020084c2af50 JavaThread "Download-2"                 daemon [_thread_blocked, id=19864, stack(0x000000eb73000000,0x000000eb73100000) (1024K)]
  0x0000020084c2bef0 JavaThread "InnocuousThread-1"          daemon [_thread_blocked, id=4644, stack(0x000000eb73100000,0x000000eb73200000) (1024K)]
  0x0000020084c29fb0 JavaThread "Keep-Alive-Timer"           daemon [_thread_blocked, id=10224, stack(0x000000eb73300000,0x000000eb73400000) (1024K)]
  0x0000020088bba810 JavaThread "Sound engine"               daemon [_thread_blocked, id=604, stack(0x000000eb72800000,0x000000eb72900000) (1024K)]
  0x00000200857d3f20 JavaThread "C2 CompilerThread1"         daemon [_thread_blocked, id=22892, stack(0x000000eb72700000,0x000000eb72800000) (1024K)]
Total: 20

Other Threads:
=>0x00000200e2af66c0 VMThread "VM Thread"                           [id=21192, stack(0x000000eb71400000,0x000000eb71500000) (1024K)]
  0x00000200e2a9b820 WorkerThread "GC Thread#0"                     [id=4420, stack(0x000000eb70d00000,0x000000eb70e00000) (1024K)]
  0x00000200e2af59d0 WorkerThread "GC Thread#1"                     [id=22148, stack(0x000000eb71f00000,0x000000eb72000000) (1024K)]
  0x00000200e2af73b0 WorkerThread "GC Thread#2"                     [id=12136, stack(0x000000eb72200000,0x000000eb72300000) (1024K)]
  0x00000200e2af84f0 WorkerThread "GC Thread#3"                     [id=10428, stack(0x000000eb72300000,0x000000eb72400000) (1024K)]
  0x00000200e2af5580 WorkerThread "GC Thread#4"                     [id=17196, stack(0x000000eb72400000,0x000000eb72500000) (1024K)]
  0x00000200855bb610 WorkerThread "GC Thread#5"                     [id=21560, stack(0x000000eb72500000,0x000000eb72600000) (1024K)]
  0x00000200855bcff0 WorkerThread "GC Thread#6"                     [id=12492, stack(0x000000eb72600000,0x000000eb72700000) (1024K)]
  0x00000200855bcba0 WorkerThread "GC Thread#7"                     [id=21244, stack(0x000000eb72f00000,0x000000eb73000000) (1024K)]
  0x00000200e2ab4db0 ConcurrentGCThread "G1 Main Marker"            terminated
  0x00000200e2ab60d0 WorkerThread "G1 Conc#0"                       [id=1428, stack(0x000000eb70f00000,0x000000eb71000000) (1024K)]
  0x00000200e2af8940 WorkerThread "G1 Conc#1"                       [id=6836, stack(0x000000eb72100000,0x000000eb72200000) (1024K)]
  0x00000200e2af5e20 WorkerThread "G1 Refinement Workers#0"         [id=13392, stack(0x000000eb71100000,0x000000eb71200000) (1024K)]
  0x00000200e2af4b70 ConcurrentGCThread "G1 Refine Control"         terminated
  0x00000200e2b03c10 ConcurrentGCThread "G1 Service"                terminated
Total: 15

Threads with active compile tasks:
Total: 0

VM state: at safepoint (shutting down)

VM Mutex/Monitor currently owned by a thread:  ([mutex/lock_event])
[0x00007ffffbf0ed08] Threads_lock - owner thread: 0x00000200e2af66c0
[0x00007ffffbf0ef88] Heap_lock - owner thread: 0x00000200e2a5b2c0

Heap address: 0x0000000083600000, size: 1994 MB, Compressed Oops mode: 32-bit

CDS archive(s) mapped at: [0x0000000019000000-0x0000000019de0000-0x0000000019de0000), size 14548992, SharedBaseAddress: 0x0000000019000000, ArchiveRelocationMode: 1.
Compressed class space mapped at: 0x000000001a000000-0x000000005a000000, reserved size: 1073741824
UseCompressedClassPointers 1, UseCompactObjectHeaders 0
Narrow klass pointer bits 32, Max shift 3
Narrow klass base: 0x0000000019000000, Narrow klass shift: 0
Encoding Range: [0x0000000019000000 - 0x0000000119000000), (4294967296 bytes)
Klass Range:    [0x0000000019000000 - 0x000000005a000000), (1090519040 bytes)
Klass ID Range:  [8 - 1090519033) (1090519025)
Protection zone: [0x0000000019000000 - 0x0000000019010000), (65536 bytes)

GC Precious Log:
 CardTable entry size: 512
 Card Set container configuration: InlinePtr #cards 5 size 8 Array Of Cards #cards 10 size 36 Howl #buckets 4 coarsen threshold 1843 Howl Bitmap #cards 512 size 80 coarsen threshold 460 Card regions per heap region 1 cards per card region 2048
 CPUs: 8 total, 8 available
 Memory: 7969M
 Large Page Support: Disabled
 NUMA Support: Disabled
 Compressed Oops: Enabled (32-bit)
 Heap Region Size: 1M
 Heap Min Capacity: 8M
 Heap Initial Capacity: 8M
 Heap Max Capacity: 1994M
 Pre-touch: Disabled
 Parallel Workers: 8
 Concurrent Workers: 2
 Concurrent Refinement Workers: 8
 Periodic GC: Disabled

Heap:
 garbage-first heap   total reserved 2041856K, committed 850944K, used 470682K [0x0000000083600000, 0x0000000100000000)
  region size 1M, 335 eden (335M), 15 survivor (15M), 90 old (90M), 23 humongous (23M), 368 free (368M)

Heap Regions: E=young(eden), S=young(survivor), O=old, HS=humongous(starts), HC=humongous(continues), CS=collection set, F=free, TAMS=top-at-mark-start, PB=parsable bottom
|    0|0x0000000083600000, 0x0000000083700000, 0x0000000083700000|100%| O|  |TAMS 0x0000000083600000| PB 0x0000000083600000| Untracked |  0
|    1|0x0000000083700000, 0x0000000083800000, 0x0000000083800000|100%| O|  |TAMS 0x0000000083700000| PB 0x0000000083700000| Untracked |  0
|    2|0x0000000083800000, 0x0000000083900000, 0x0000000083900000|100%| O|  |TAMS 0x0000000083800000| PB 0x0000000083800000| Untracked |  0
|    3|0x0000000083900000, 0x0000000083a00000, 0x0000000083a00000|100%| O|  |TAMS 0x0000000083900000| PB 0x0000000083900000| Untracked |  0
|    4|0x0000000083a00000, 0x0000000083b00000, 0x0000000083b00000|100%| O|  |TAMS 0x0000000083a00000| PB 0x0000000083a00000| Untracked |  0
|    5|0x0000000083b00000, 0x0000000083c00000, 0x0000000083c00000|100%|HS|  |TAMS 0x0000000083b00000| PB 0x0000000083b00000| Complete  |  0
|    6|0x0000000083c00000, 0x0000000083d00000, 0x0000000083d00000|100%|HC|  |TAMS 0x0000000083c00000| PB 0x0000000083c00000| Complete  |  0
|    7|0x0000000083d00000, 0x0000000083e00000, 0x0000000083e00000|100%| O|  |TAMS 0x0000000083d00000| PB 0x0000000083d00000| Untracked |  0
|    8|0x0000000083e00000, 0x0000000083f00000, 0x0000000083f00000|100%|HS|  |TAMS 0x0000000083e00000| PB 0x0000000083e00000| Complete  |  0
|    9|0x0000000083f00000, 0x0000000084000000, 0x0000000084000000|100%|HC|  |TAMS 0x0000000083f00000| PB 0x0000000083f00000| Complete  |  0
|   10|0x0000000084000000, 0x0000000084100000, 0x0000000084100000|100%|HS|  |TAMS 0x0000000084000000| PB 0x0000000084000000| Complete  |  0
|   11|0x0000000084100000, 0x0000000084200000, 0x0000000084200000|100%|HC|  |TAMS 0x0000000084100000| PB 0x0000000084100000| Complete  |  0
|   12|0x0000000084200000, 0x0000000084300000, 0x0000000084300000|100%|HC|  |TAMS 0x0000000084200000| PB 0x0000000084200000| Complete  |  0
|   13|0x0000000084300000, 0x0000000084400000, 0x0000000084400000|100%| O|  |TAMS 0x0000000084300000| PB 0x0000000084300000| Untracked |  0
|   14|0x0000000084400000, 0x0000000084500000, 0x0000000084500000|100%| O|  |TAMS 0x0000000084400000| PB 0x0000000084400000| Untracked |  0
|   15|0x0000000084500000, 0x0000000084600000, 0x0000000084600000|100%| O|  |TAMS 0x0000000084500000| PB 0x0000000084500000| Untracked |  0
|   16|0x0000000084600000, 0x0000000084700000, 0x0000000084700000|100%| O|  |TAMS 0x0000000084600000| PB 0x0000000084600000| Untracked |  0
|   17|0x0000000084700000, 0x0000000084800000, 0x0000000084800000|100%| O|  |TAMS 0x0000000084700000| PB 0x0000000084700000| Untracked |  0
|   18|0x0000000084800000, 0x0000000084900000, 0x0000000084900000|100%| O|  |TAMS 0x0000000084800000| PB 0x0000000084800000| Untracked |  0
|   19|0x0000000084900000, 0x0000000084a00000, 0x0000000084a00000|100%| O|  |TAMS 0x0000000084900000| PB 0x0000000084900000| Untracked |  0
|   20|0x0000000084a00000, 0x0000000084b00000, 0x0000000084b00000|100%| O|  |TAMS 0x0000000084a00000| PB 0x0000000084a00000| Untracked |  0
|   21|0x0000000084b00000, 0x0000000084c00000, 0x0000000084c00000|100%| O|  |TAMS 0x0000000084b00000| PB 0x0000000084b00000| Untracked |  0
|   22|0x0000000084c00000, 0x0000000084d00000, 0x0000000084d00000|100%| O|  |TAMS 0x0000000084c00000| PB 0x0000000084c00000| Untracked |  0
|   23|0x0000000084d00000, 0x0000000084e00000, 0x0000000084e00000|100%| O|  |TAMS 0x0000000084d00000| PB 0x0000000084d00000| Untracked |  0
|   24|0x0000000084e00000, 0x0000000084f00000, 0x0000000084f00000|100%| O|  |TAMS 0x0000000084e00000| PB 0x0000000084e00000| Untracked |  0
|   25|0x0000000084f00000, 0x0000000085000000, 0x0000000085000000|100%| O|  |TAMS 0x0000000084f00000| PB 0x0000000084f00000| Untracked |  0
|   26|0x0000000085000000, 0x0000000085100000, 0x0000000085100000|100%| O|  |TAMS 0x0000000085000000| PB 0x0000000085000000| Untracked |  0
|   27|0x0000000085100000, 0x0000000085200000, 0x0000000085200000|100%| O|  |TAMS 0x0000000085100000| PB 0x0000000085100000| Untracked |  0
|   28|0x0000000085200000, 0x0000000085300000, 0x0000000085300000|100%| O|  |TAMS 0x0000000085200000| PB 0x0000000085200000| Untracked |  0
|   29|0x0000000085300000, 0x0000000085400000, 0x0000000085400000|100%| O|  |TAMS 0x0000000085300000| PB 0x0000000085300000| Untracked |  0
|   30|0x0000000085400000, 0x0000000085500000, 0x0000000085500000|100%| O|  |TAMS 0x0000000085400000| PB 0x0000000085400000| Untracked |  0
|   31|0x0000000085500000, 0x0000000085600000, 0x0000000085600000|100%| O|  |TAMS 0x0000000085500000| PB 0x0000000085500000| Untracked |  0
|   32|0x0000000085600000, 0x0000000085700000, 0x0000000085700000|100%| O|  |TAMS 0x0000000085600000| PB 0x0000000085600000| Untracked |  0
|   33|0x0000000085700000, 0x0000000085800000, 0x0000000085800000|100%| O|  |TAMS 0x0000000085700000| PB 0x0000000085700000| Untracked |  0
|   34|0x0000000085800000, 0x0000000085900000, 0x0000000085900000|100%| O|  |TAMS 0x0000000085800000| PB 0x0000000085800000| Untracked |  0
|   35|0x0000000085900000, 0x0000000085a00000, 0x0000000085a00000|100%| O|  |TAMS 0x0000000085900000| PB 0x0000000085900000| Untracked |  0
|   36|0x0000000085a00000, 0x0000000085b00000, 0x0000000085b00000|100%| O|  |TAMS 0x0000000085a00000| PB 0x0000000085a00000| Untracked |  0
|   37|0x0000000085b00000, 0x0000000085c00000, 0x0000000085c00000|100%| O|  |TAMS 0x0000000085b00000| PB 0x0000000085b00000| Untracked |  0
|   38|0x0000000085c00000, 0x0000000085d00000, 0x0000000085d00000|100%| O|  |TAMS 0x0000000085c00000| PB 0x0000000085c00000| Untracked |  0
|   39|0x0000000085d00000, 0x0000000085e00000, 0x0000000085e00000|100%| O|  |TAMS 0x0000000085d00000| PB 0x0000000085d00000| Untracked |  0
|   40|0x0000000085e00000, 0x0000000085f00000, 0x0000000085f00000|100%| O|  |TAMS 0x0000000085e00000| PB 0x0000000085e00000| Untracked |  0
|   41|0x0000000085f00000, 0x0000000086000000, 0x0000000086000000|100%| O|  |TAMS 0x0000000085f00000| PB 0x0000000085f00000| Untracked |  0
|   42|0x0000000086000000, 0x0000000086100000, 0x0000000086100000|100%| O|  |TAMS 0x0000000086000000| PB 0x0000000086000000| Untracked |  0
|   43|0x0000000086100000, 0x0000000086200000, 0x0000000086200000|100%| O|  |TAMS 0x0000000086100000| PB 0x0000000086100000| Untracked |  0
|   44|0x0000000086200000, 0x0000000086300000, 0x0000000086300000|100%| O|  |TAMS 0x0000000086200000| PB 0x0000000086200000| Untracked |  0
|   45|0x0000000086300000, 0x0000000086400000, 0x0000000086400000|100%|HS|  |TAMS 0x0000000086300000| PB 0x0000000086300000| Complete  |  0
|   46|0x0000000086400000, 0x0000000086500000, 0x0000000086500000|100%|HC|  |TAMS 0x0000000086400000| PB 0x0000000086400000| Complete  |  0
|   47|0x0000000086500000, 0x0000000086600000, 0x0000000086600000|100%|HC|  |TAMS 0x0000000086500000| PB 0x0000000086500000| Complete  |  0
|   48|0x0000000086600000, 0x0000000086700000, 0x0000000086700000|100%|HC|  |TAMS 0x0000000086600000| PB 0x0000000086600000| Complete  |  0
|   49|0x0000000086700000, 0x0000000086800000, 0x0000000086800000|100%|HC|  |TAMS 0x0000000086700000| PB 0x0000000086700000| Complete  |  0
|   50|0x0000000086800000, 0x0000000086900000, 0x0000000086900000|100%|HC|  |TAMS 0x0000000086800000| PB 0x0000000086800000| Complete  |  0
|   51|0x0000000086900000, 0x0000000086a00000, 0x0000000086a00000|100%|HC|  |TAMS 0x0000000086900000| PB 0x0000000086900000| Complete  |  0
|   52|0x0000000086a00000, 0x0000000086b00000, 0x0000000086b00000|100%|HC|  |TAMS 0x0000000086a00000| PB 0x0000000086a00000| Complete  |  0
|   53|0x0000000086b00000, 0x0000000086c00000, 0x0000000086c00000|100%|HC|  |TAMS 0x0000000086b00000| PB 0x0000000086b00000| Complete  |  0
|   54|0x0000000086c00000, 0x0000000086d00000, 0x0000000086d00000|100%|HC|  |TAMS 0x0000000086c00000| PB 0x0000000086c00000| Complete  |  0
|   55|0x0000000086d00000, 0x0000000086e00000, 0x0000000086e00000|100%|HC|  |TAMS 0x0000000086d00000| PB 0x0000000086d00000| Complete  |  0
|   56|0x0000000086e00000, 0x0000000086f00000, 0x0000000086f00000|100%| O|  |TAMS 0x0000000086e00000| PB 0x0000000086e00000| Untracked |  0
|   57|0x0000000086f00000, 0x0000000087000000, 0x0000000087000000|100%| O|  |TAMS 0x0000000086f00000| PB 0x0000000086f00000| Untracked |  0
|   58|0x0000000087000000, 0x0000000087100000, 0x0000000087100000|100%| O|  |TAMS 0x0000000087000000| PB 0x0000000087000000| Untracked |  0
|   59|0x0000000087100000, 0x0000000087200000, 0x0000000087200000|100%| O|  |TAMS 0x0000000087100000| PB 0x0000000087100000| Untracked |  0
|   60|0x0000000087200000, 0x0000000087300000, 0x0000000087300000|100%| O|  |TAMS 0x0000000087200000| PB 0x0000000087200000| Untracked |  0
|   61|0x0000000087300000, 0x0000000087400000, 0x0000000087400000|100%| O|  |TAMS 0x0000000087300000| PB 0x0000000087300000| Untracked |  0
|   62|0x0000000087400000, 0x0000000087500000, 0x0000000087500000|100%| O|  |TAMS 0x0000000087400000| PB 0x0000000087400000| Untracked |  0
|   63|0x0000000087500000, 0x0000000087600000, 0x0000000087600000|100%| O|  |TAMS 0x0000000087500000| PB 0x0000000087500000| Untracked |  0
|   64|0x0000000087600000, 0x0000000087700000, 0x0000000087700000|100%| O|  |TAMS 0x0000000087600000| PB 0x0000000087600000| Untracked |  0
|   65|0x0000000087700000, 0x0000000087800000, 0x0000000087800000|100%| O|  |TAMS 0x0000000087700000| PB 0x0000000087700000| Untracked |  0
|   66|0x0000000087800000, 0x0000000087900000, 0x0000000087900000|100%| O|  |TAMS 0x0000000087800000| PB 0x0000000087800000| Untracked |  0
|   67|0x0000000087900000, 0x0000000087a00000, 0x0000000087a00000|100%| O|  |TAMS 0x0000000087900000| PB 0x0000000087900000| Untracked |  0
|   68|0x0000000087a00000, 0x0000000087b00000, 0x0000000087b00000|100%| O|  |TAMS 0x0000000087a00000| PB 0x0000000087a00000| Untracked |  0
|   69|0x0000000087b00000, 0x0000000087c00000, 0x0000000087c00000|100%| O|  |TAMS 0x0000000087b00000| PB 0x0000000087b00000| Untracked |  0
|   70|0x0000000087c00000, 0x0000000087d00000, 0x0000000087d00000|100%| O|  |TAMS 0x0000000087c00000| PB 0x0000000087c00000| Untracked |  0
|   71|0x0000000087d00000, 0x0000000087e00000, 0x0000000087e00000|100%| O|  |TAMS 0x0000000087d00000| PB 0x0000000087d00000| Untracked |  0
|   72|0x0000000087e00000, 0x0000000087f00000, 0x0000000087f00000|100%| O|  |TAMS 0x0000000087e00000| PB 0x0000000087e00000| Untracked |  0
|   73|0x0000000087f00000, 0x0000000088000000, 0x0000000088000000|100%| O|  |TAMS 0x0000000087f00000| PB 0x0000000087f00000| Untracked |  0
|   74|0x0000000088000000, 0x0000000088100000, 0x0000000088100000|100%| O|  |TAMS 0x0000000088000000| PB 0x0000000088000000| Untracked |  0
|   75|0x0000000088100000, 0x0000000088200000, 0x0000000088200000|100%| O|  |TAMS 0x0000000088100000| PB 0x0000000088100000| Untracked |  0
|   76|0x0000000088200000, 0x0000000088300000, 0x0000000088300000|100%| O|  |TAMS 0x0000000088200000| PB 0x0000000088200000| Untracked |  0
|   77|0x0000000088300000, 0x0000000088400000, 0x0000000088400000|100%| O|  |TAMS 0x0000000088300000| PB 0x0000000088300000| Untracked |  0
|   78|0x0000000088400000, 0x0000000088500000, 0x0000000088500000|100%| O|  |TAMS 0x0000000088400000| PB 0x0000000088400000| Untracked |  0
|   79|0x0000000088500000, 0x0000000088600000, 0x0000000088600000|100%| O|  |TAMS 0x0000000088500000| PB 0x0000000088500000| Untracked |  0
|   80|0x0000000088600000, 0x0000000088700000, 0x0000000088700000|100%| O|  |TAMS 0x0000000088600000| PB 0x0000000088600000| Untracked |  0
|   81|0x0000000088700000, 0x0000000088800000, 0x0000000088800000|100%| O|  |TAMS 0x0000000088700000| PB 0x0000000088700000| Untracked |  0
|   82|0x0000000088800000, 0x0000000088900000, 0x0000000088900000|100%| O|  |TAMS 0x0000000088800000| PB 0x0000000088800000| Untracked |  0
|   83|0x0000000088900000, 0x0000000088a00000, 0x0000000088a00000|100%| O|  |TAMS 0x0000000088900000| PB 0x0000000088900000| Untracked |  0
|   84|0x0000000088a00000, 0x0000000088b00000, 0x0000000088b00000|100%| O|  |TAMS 0x0000000088a00000| PB 0x0000000088a00000| Untracked |  0
|   85|0x0000000088b00000, 0x0000000088c00000, 0x0000000088c00000|100%| O|  |TAMS 0x0000000088b00000| PB 0x0000000088b00000| Untracked |  0
|   86|0x0000000088c00000, 0x0000000088d00000, 0x0000000088d00000|100%| O|  |TAMS 0x0000000088c00000| PB 0x0000000088c00000| Untracked |  0
|   87|0x0000000088d00000, 0x0000000088e00000, 0x0000000088e00000|100%| O|  |TAMS 0x0000000088d00000| PB 0x0000000088d00000| Untracked |  0
|   88|0x0000000088e00000, 0x0000000088f00000, 0x0000000088f00000|100%| O|  |TAMS 0x0000000088e00000| PB 0x0000000088e00000| Untracked |  0
|   89|0x0000000088f00000, 0x0000000089000000, 0x0000000089000000|100%| O|  |TAMS 0x0000000088f00000| PB 0x0000000088f00000| Untracked |  0
|   90|0x0000000089000000, 0x0000000089100000, 0x0000000089100000|100%| O|  |TAMS 0x0000000089000000| PB 0x0000000089000000| Untracked |  0
|   91|0x0000000089100000, 0x0000000089200000, 0x0000000089200000|100%| O|  |TAMS 0x0000000089100000| PB 0x0000000089100000| Untracked |  0
|   92|0x0000000089200000, 0x0000000089300000, 0x0000000089300000|100%| O|  |TAMS 0x0000000089200000| PB 0x0000000089200000| Untracked |  0
|   93|0x0000000089300000, 0x0000000089400000, 0x0000000089400000|100%| O|  |TAMS 0x0000000089300000| PB 0x0000000089300000| Untracked |  0
|   94|0x0000000089400000, 0x0000000089500000, 0x0000000089500000|100%| O|  |TAMS 0x0000000089400000| PB 0x0000000089400000| Untracked |  0
|   95|0x0000000089500000, 0x0000000089600000, 0x0000000089600000|100%| O|  |TAMS 0x0000000089500000| PB 0x0000000089500000| Untracked |  0
|   96|0x0000000089600000, 0x0000000089700000, 0x0000000089700000|100%| O|Cm|TAMS 0x0000000089600000| PB 0x0000000089600000| Complete  |  0
|   97|0x0000000089700000, 0x0000000089800000, 0x0000000089800000|100%| O|Cm|TAMS 0x0000000089700000| PB 0x0000000089700000| Complete  |  0
|   98|0x0000000089800000, 0x0000000089900000, 0x0000000089900000|100%| O|  |TAMS 0x0000000089800000| PB 0x0000000089800000| Untracked |  0
|   99|0x0000000089900000, 0x0000000089a00000, 0x0000000089a00000|100%| O|  |TAMS 0x0000000089900000| PB 0x0000000089900000| Untracked |  0
|  100|0x0000000089a00000, 0x0000000089b00000, 0x0000000089b00000|100%| O|  |TAMS 0x0000000089a00000| PB 0x0000000089a00000| Untracked |  0
|  101|0x0000000089b00000, 0x0000000089c00000, 0x0000000089c00000|100%| O|  |TAMS 0x0000000089b00000| PB 0x0000000089b00000| Untracked |  0
|  102|0x0000000089c00000, 0x0000000089d00000, 0x0000000089d00000|100%|HS|  |TAMS 0x0000000089c00000| PB 0x0000000089c00000| Complete  |  0
|  103|0x0000000089d00000, 0x0000000089e00000, 0x0000000089e00000|100%|HC|  |TAMS 0x0000000089d00000| PB 0x0000000089d00000| Complete  |  0
|  104|0x0000000089e00000, 0x0000000089e00000, 0x0000000089f00000|  0%| F|  |TAMS 0x0000000089e00000| PB 0x0000000089e00000| Untracked |  0
|  105|0x0000000089f00000, 0x000000008a000000, 0x000000008a000000|100%| O|  |TAMS 0x0000000089f00000| PB 0x0000000089f00000| Untracked |  0
|  106|0x000000008a000000, 0x000000008a100000, 0x000000008a100000|100%| O|  |TAMS 0x000000008a000000| PB 0x000000008a000000| Untracked |  0
|  107|0x000000008a100000, 0x000000008a200000, 0x000000008a200000|100%| O|  |TAMS 0x000000008a100000| PB 0x000000008a100000| Untracked |  0
|  108|0x000000008a200000, 0x000000008a300000, 0x000000008a300000|100%| S|CS|TAMS 0x000000008a200000| PB 0x000000008a200000| Complete  |  0
|  109|0x000000008a300000, 0x000000008a400000, 0x000000008a400000|100%| S|CS|TAMS 0x000000008a300000| PB 0x000000008a300000| Complete  |  0
|  110|0x000000008a400000, 0x000000008a500000, 0x000000008a500000|100%|HS|  |TAMS 0x000000008a400000| PB 0x000000008a400000| Complete  |  0
|  111|0x000000008a500000, 0x000000008a600000, 0x000000008a600000|100%|HC|  |TAMS 0x000000008a500000| PB 0x000000008a500000| Complete  |  0
|  112|0x000000008a600000, 0x000000008a700000, 0x000000008a700000|100%|HC|  |TAMS 0x000000008a600000| PB 0x000000008a600000| Complete  |  0
|  113|0x000000008a700000, 0x000000008a700000, 0x000000008a800000|  0%| F|  |TAMS 0x000000008a700000| PB 0x000000008a700000| Untracked |  0
|  114|0x000000008a800000, 0x000000008a900000, 0x000000008a900000|100%| S|CS|TAMS 0x000000008a800000| PB 0x000000008a800000| Complete  |  0
|  115|0x000000008a900000, 0x000000008aa00000, 0x000000008aa00000|100%| S|CS|TAMS 0x000000008a900000| PB 0x000000008a900000| Complete  |  0
|  116|0x000000008aa00000, 0x000000008ab00000, 0x000000008ab00000|100%| S|CS|TAMS 0x000000008aa00000| PB 0x000000008aa00000| Complete  |  0
|  117|0x000000008ab00000, 0x000000008ac00000, 0x000000008ac00000|100%| S|CS|TAMS 0x000000008ab00000| PB 0x000000008ab00000| Complete  |  0
|  118|0x000000008ac00000, 0x000000008ad00000, 0x000000008ad00000|100%| S|CS|TAMS 0x000000008ac00000| PB 0x000000008ac00000| Complete  |  0
|  119|0x000000008ad00000, 0x000000008ae00000, 0x000000008ae00000|100%| S|CS|TAMS 0x000000008ad00000| PB 0x000000008ad00000| Complete  |  0
|  120|0x000000008ae00000, 0x000000008af00000, 0x000000008af00000|100%| S|CS|TAMS 0x000000008ae00000| PB 0x000000008ae00000| Complete  |  0
|  121|0x000000008af00000, 0x000000008b000000, 0x000000008b000000|100%| S|CS|TAMS 0x000000008af00000| PB 0x000000008af00000| Complete  |  0
|  122|0x000000008b000000, 0x000000008b100000, 0x000000008b100000|100%| S|CS|TAMS 0x000000008b000000| PB 0x000000008b000000| Complete  |  0
|  123|0x000000008b100000, 0x000000008b100000, 0x000000008b200000|  0%| F|  |TAMS 0x000000008b100000| PB 0x000000008b100000| Untracked |  0
|  124|0x000000008b200000, 0x000000008b200000, 0x000000008b300000|  0%| F|  |TAMS 0x000000008b200000| PB 0x000000008b200000| Untracked |  0
|  125|0x000000008b300000, 0x000000008b300000, 0x000000008b400000|  0%| F|  |TAMS 0x000000008b300000| PB 0x000000008b300000| Untracked |  0
|  126|0x000000008b400000, 0x000000008b500000, 0x000000008b500000|100%| S|CS|TAMS 0x000000008b400000| PB 0x000000008b400000| Complete  |  0
|  127|0x000000008b500000, 0x000000008b500000, 0x000000008b600000|  0%| F|  |TAMS 0x000000008b500000| PB 0x000000008b500000| Untracked |  0
|  128|0x000000008b600000, 0x000000008b600000, 0x000000008b700000|  0%| F|  |TAMS 0x000000008b600000| PB 0x000000008b600000| Untracked |  0
|  129|0x000000008b700000, 0x000000008b700000, 0x000000008b800000|  0%| F|  |TAMS 0x000000008b700000| PB 0x000000008b700000| Untracked |  0
|  130|0x000000008b800000, 0x000000008b800000, 0x000000008b900000|  0%| F|  |TAMS 0x000000008b800000| PB 0x000000008b800000| Untracked |  0
|  131|0x000000008b900000, 0x000000008ba00000, 0x000000008ba00000|100%| S|CS|TAMS 0x000000008b900000| PB 0x000000008b900000| Complete  |  0
|  132|0x000000008ba00000, 0x000000008bb00000, 0x000000008bb00000|100%| S|CS|TAMS 0x000000008ba00000| PB 0x000000008ba00000| Complete  |  0
|  133|0x000000008bb00000, 0x000000008bb00000, 0x000000008bc00000|  0%| F|  |TAMS 0x000000008bb00000| PB 0x000000008bb00000| Untracked |  0
|  134|0x000000008bc00000, 0x000000008bc00000, 0x000000008bd00000|  0%| F|  |TAMS 0x000000008bc00000| PB 0x000000008bc00000| Untracked |  0
|  135|0x000000008bd00000, 0x000000008bd00000, 0x000000008be00000|  0%| F|  |TAMS 0x000000008bd00000| PB 0x000000008bd00000| Untracked |  0
|  136|0x000000008be00000, 0x000000008be00000, 0x000000008bf00000|  0%| F|  |TAMS 0x000000008be00000| PB 0x000000008be00000| Untracked |  0
|  137|0x000000008bf00000, 0x000000008bf00000, 0x000000008c000000|  0%| F|  |TAMS 0x000000008bf00000| PB 0x000000008bf00000| Untracked |  0
|  138|0x000000008c000000, 0x000000008c000000, 0x000000008c100000|  0%| F|  |TAMS 0x000000008c000000| PB 0x000000008c000000| Untracked |  0
|  139|0x000000008c100000, 0x000000008c100000, 0x000000008c200000|  0%| F|  |TAMS 0x000000008c100000| PB 0x000000008c100000| Untracked |  0
|  140|0x000000008c200000, 0x000000008c200000, 0x000000008c300000|  0%| F|  |TAMS 0x000000008c200000| PB 0x000000008c200000| Untracked |  0
|  141|0x000000008c300000, 0x000000008c300000, 0x000000008c400000|  0%| F|  |TAMS 0x000000008c300000| PB 0x000000008c300000| Untracked |  0
|  142|0x000000008c400000, 0x000000008c400000, 0x000000008c500000|  0%| F|  |TAMS 0x000000008c400000| PB 0x000000008c400000| Untracked |  0
|  143|0x000000008c500000, 0x000000008c500000, 0x000000008c600000|  0%| F|  |TAMS 0x000000008c500000| PB 0x000000008c500000| Untracked |  0
|  144|0x000000008c600000, 0x000000008c600000, 0x000000008c700000|  0%| F|  |TAMS 0x000000008c600000| PB 0x000000008c600000| Untracked |  0
|  145|0x000000008c700000, 0x000000008c700000, 0x000000008c800000|  0%| F|  |TAMS 0x000000008c700000| PB 0x000000008c700000| Untracked |  0
|  146|0x000000008c800000, 0x000000008c800000, 0x000000008c900000|  0%| F|  |TAMS 0x000000008c800000| PB 0x000000008c800000| Untracked |  0
|  147|0x000000008c900000, 0x000000008c900000, 0x000000008ca00000|  0%| F|  |TAMS 0x000000008c900000| PB 0x000000008c900000| Untracked |  0
|  148|0x000000008ca00000, 0x000000008ca00000, 0x000000008cb00000|  0%| F|  |TAMS 0x000000008ca00000| PB 0x000000008ca00000| Untracked |  0
|  149|0x000000008cb00000, 0x000000008cb00000, 0x000000008cc00000|  0%| F|  |TAMS 0x000000008cb00000| PB 0x000000008cb00000| Untracked |  0
|  150|0x000000008cc00000, 0x000000008cc00000, 0x000000008cd00000|  0%| F|  |TAMS 0x000000008cc00000| PB 0x000000008cc00000| Untracked |  0
|  151|0x000000008cd00000, 0x000000008cd00000, 0x000000008ce00000|  0%| F|  |TAMS 0x000000008cd00000| PB 0x000000008cd00000| Untracked |  0
|  152|0x000000008ce00000, 0x000000008ce00000, 0x000000008cf00000|  0%| F|  |TAMS 0x000000008ce00000| PB 0x000000008ce00000| Untracked |  0
|  153|0x000000008cf00000, 0x000000008cf00000, 0x000000008d000000|  0%| F|  |TAMS 0x000000008cf00000| PB 0x000000008cf00000| Untracked |  0
|  154|0x000000008d000000, 0x000000008d000000, 0x000000008d100000|  0%| F|  |TAMS 0x000000008d000000| PB 0x000000008d000000| Untracked |  0
|  155|0x000000008d100000, 0x000000008d100000, 0x000000008d200000|  0%| F|  |TAMS 0x000000008d100000| PB 0x000000008d100000| Untracked |  0
|  156|0x000000008d200000, 0x000000008d200000, 0x000000008d300000|  0%| F|  |TAMS 0x000000008d200000| PB 0x000000008d200000| Untracked |  0
|  157|0x000000008d300000, 0x000000008d300000, 0x000000008d400000|  0%| F|  |TAMS 0x000000008d300000| PB 0x000000008d300000| Untracked |  0
|  158|0x000000008d400000, 0x000000008d400000, 0x000000008d500000|  0%| F|  |TAMS 0x000000008d400000| PB 0x000000008d400000| Untracked |  0
|  159|0x000000008d500000, 0x000000008d500000, 0x000000008d600000|  0%| F|  |TAMS 0x000000008d500000| PB 0x000000008d500000| Untracked |  0
|  160|0x000000008d600000, 0x000000008d600000, 0x000000008d700000|  0%| F|  |TAMS 0x000000008d600000| PB 0x000000008d600000| Untracked |  0
|  161|0x000000008d700000, 0x000000008d700000, 0x000000008d800000|  0%| F|  |TAMS 0x000000008d700000| PB 0x000000008d700000| Untracked |  0
|  162|0x000000008d800000, 0x000000008d800000, 0x000000008d900000|  0%| F|  |TAMS 0x000000008d800000| PB 0x000000008d800000| Untracked |  0
|  163|0x000000008d900000, 0x000000008d900000, 0x000000008da00000|  0%| F|  |TAMS 0x000000008d900000| PB 0x000000008d900000| Untracked |  0
|  164|0x000000008da00000, 0x000000008da00000, 0x000000008db00000|  0%| F|  |TAMS 0x000000008da00000| PB 0x000000008da00000| Untracked |  0
|  165|0x000000008db00000, 0x000000008db00000, 0x000000008dc00000|  0%| F|  |TAMS 0x000000008db00000| PB 0x000000008db00000| Untracked |  0
|  166|0x000000008dc00000, 0x000000008dc00000, 0x000000008dd00000|  0%| F|  |TAMS 0x000000008dc00000| PB 0x000000008dc00000| Untracked |  0
|  167|0x000000008dd00000, 0x000000008dd00000, 0x000000008de00000|  0%| F|  |TAMS 0x000000008dd00000| PB 0x000000008dd00000| Untracked |  0
|  168|0x000000008de00000, 0x000000008de00000, 0x000000008df00000|  0%| F|  |TAMS 0x000000008de00000| PB 0x000000008de00000| Untracked |  0
|  169|0x000000008df00000, 0x000000008df00000, 0x000000008e000000|  0%| F|  |TAMS 0x000000008df00000| PB 0x000000008df00000| Untracked |  0
|  170|0x000000008e000000, 0x000000008e000000, 0x000000008e100000|  0%| F|  |TAMS 0x000000008e000000| PB 0x000000008e000000| Untracked |  0
|  171|0x000000008e100000, 0x000000008e100000, 0x000000008e200000|  0%| F|  |TAMS 0x000000008e100000| PB 0x000000008e100000| Untracked |  0
|  172|0x000000008e200000, 0x000000008e200000, 0x000000008e300000|  0%| F|  |TAMS 0x000000008e200000| PB 0x000000008e200000| Untracked |  0
|  173|0x000000008e300000, 0x000000008e300000, 0x000000008e400000|  0%| F|  |TAMS 0x000000008e300000| PB 0x000000008e300000| Untracked |  0
|  174|0x000000008e400000, 0x000000008e400000, 0x000000008e500000|  0%| F|  |TAMS 0x000000008e400000| PB 0x000000008e400000| Untracked |  0
|  175|0x000000008e500000, 0x000000008e500000, 0x000000008e600000|  0%| F|  |TAMS 0x000000008e500000| PB 0x000000008e500000| Untracked |  0
|  176|0x000000008e600000, 0x000000008e600000, 0x000000008e700000|  0%| F|  |TAMS 0x000000008e600000| PB 0x000000008e600000| Untracked |  0
|  177|0x000000008e700000, 0x000000008e700000, 0x000000008e800000|  0%| F|  |TAMS 0x000000008e700000| PB 0x000000008e700000| Untracked |  0
|  178|0x000000008e800000, 0x000000008e800000, 0x000000008e900000|  0%| F|  |TAMS 0x000000008e800000| PB 0x000000008e800000| Untracked |  0
|  179|0x000000008e900000, 0x000000008e900000, 0x000000008ea00000|  0%| F|  |TAMS 0x000000008e900000| PB 0x000000008e900000| Untracked |  0
|  180|0x000000008ea00000, 0x000000008ea00000, 0x000000008eb00000|  0%| F|  |TAMS 0x000000008ea00000| PB 0x000000008ea00000| Untracked |  0
|  181|0x000000008eb00000, 0x000000008eb00000, 0x000000008ec00000|  0%| F|  |TAMS 0x000000008eb00000| PB 0x000000008eb00000| Untracked |  0
|  182|0x000000008ec00000, 0x000000008ec00000, 0x000000008ed00000|  0%| F|  |TAMS 0x000000008ec00000| PB 0x000000008ec00000| Untracked |  0
|  183|0x000000008ed00000, 0x000000008ed00000, 0x000000008ee00000|  0%| F|  |TAMS 0x000000008ed00000| PB 0x000000008ed00000| Untracked |  0
|  184|0x000000008ee00000, 0x000000008ee00000, 0x000000008ef00000|  0%| F|  |TAMS 0x000000008ee00000| PB 0x000000008ee00000| Untracked |  0
|  185|0x000000008ef00000, 0x000000008ef00000, 0x000000008f000000|  0%| F|  |TAMS 0x000000008ef00000| PB 0x000000008ef00000| Untracked |  0
|  186|0x000000008f000000, 0x000000008f000000, 0x000000008f100000|  0%| F|  |TAMS 0x000000008f000000| PB 0x000000008f000000| Untracked |  0
|  187|0x000000008f100000, 0x000000008f100000, 0x000000008f200000|  0%| F|  |TAMS 0x000000008f100000| PB 0x000000008f100000| Untracked |  0
|  188|0x000000008f200000, 0x000000008f200000, 0x000000008f300000|  0%| F|  |TAMS 0x000000008f200000| PB 0x000000008f200000| Untracked |  0
|  189|0x000000008f300000, 0x000000008f300000, 0x000000008f400000|  0%| F|  |TAMS 0x000000008f300000| PB 0x000000008f300000| Untracked |  0
|  190|0x000000008f400000, 0x000000008f400000, 0x000000008f500000|  0%| F|  |TAMS 0x000000008f400000| PB 0x000000008f400000| Untracked |  0
|  191|0x000000008f500000, 0x000000008f500000, 0x000000008f600000|  0%| F|  |TAMS 0x000000008f500000| PB 0x000000008f500000| Untracked |  0
|  192|0x000000008f600000, 0x000000008f600000, 0x000000008f700000|  0%| F|  |TAMS 0x000000008f600000| PB 0x000000008f600000| Untracked |  0
|  193|0x000000008f700000, 0x000000008f700000, 0x000000008f800000|  0%| F|  |TAMS 0x000000008f700000| PB 0x000000008f700000| Untracked |  0
|  194|0x000000008f800000, 0x000000008f800000, 0x000000008f900000|  0%| F|  |TAMS 0x000000008f800000| PB 0x000000008f800000| Untracked |  0
|  195|0x000000008f900000, 0x000000008f900000, 0x000000008fa00000|  0%| F|  |TAMS 0x000000008f900000| PB 0x000000008f900000| Untracked |  0
|  196|0x000000008fa00000, 0x000000008fa00000, 0x000000008fb00000|  0%| F|  |TAMS 0x000000008fa00000| PB 0x000000008fa00000| Untracked |  0
|  197|0x000000008fb00000, 0x000000008fb00000, 0x000000008fc00000|  0%| F|  |TAMS 0x000000008fb00000| PB 0x000000008fb00000| Untracked |  0
|  198|0x000000008fc00000, 0x000000008fc00000, 0x000000008fd00000|  0%| F|  |TAMS 0x000000008fc00000| PB 0x000000008fc00000| Untracked |  0
|  199|0x000000008fd00000, 0x000000008fd00000, 0x000000008fe00000|  0%| F|  |TAMS 0x000000008fd00000| PB 0x000000008fd00000| Untracked |  0
|  200|0x000000008fe00000, 0x000000008fe00000, 0x000000008ff00000|  0%| F|  |TAMS 0x000000008fe00000| PB 0x000000008fe00000| Untracked |  0
|  201|0x000000008ff00000, 0x000000008ff00000, 0x0000000090000000|  0%| F|  |TAMS 0x000000008ff00000| PB 0x000000008ff00000| Untracked |  0
|  202|0x0000000090000000, 0x0000000090000000, 0x0000000090100000|  0%| F|  |TAMS 0x0000000090000000| PB 0x0000000090000000| Untracked |  0
|  203|0x0000000090100000, 0x0000000090100000, 0x0000000090200000|  0%| F|  |TAMS 0x0000000090100000| PB 0x0000000090100000| Untracked |  0
|  204|0x0000000090200000, 0x0000000090200000, 0x0000000090300000|  0%| F|  |TAMS 0x0000000090200000| PB 0x0000000090200000| Untracked |  0
|  205|0x0000000090300000, 0x0000000090300000, 0x0000000090400000|  0%| F|  |TAMS 0x0000000090300000| PB 0x0000000090300000| Untracked |  0
|  206|0x0000000090400000, 0x0000000090400000, 0x0000000090500000|  0%| F|  |TAMS 0x0000000090400000| PB 0x0000000090400000| Untracked |  0
|  207|0x0000000090500000, 0x0000000090500000, 0x0000000090600000|  0%| F|  |TAMS 0x0000000090500000| PB 0x0000000090500000| Untracked |  0
|  208|0x0000000090600000, 0x0000000090600000, 0x0000000090700000|  0%| F|  |TAMS 0x0000000090600000| PB 0x0000000090600000| Untracked |  0
|  209|0x0000000090700000, 0x0000000090700000, 0x0000000090800000|  0%| F|  |TAMS 0x0000000090700000| PB 0x0000000090700000| Untracked |  0
|  210|0x0000000090800000, 0x0000000090800000, 0x0000000090900000|  0%| F|  |TAMS 0x0000000090800000| PB 0x0000000090800000| Untracked |  0
|  211|0x0000000090900000, 0x0000000090900000, 0x0000000090a00000|  0%| F|  |TAMS 0x0000000090900000| PB 0x0000000090900000| Untracked |  0
|  212|0x0000000090a00000, 0x0000000090a00000, 0x0000000090b00000|  0%| F|  |TAMS 0x0000000090a00000| PB 0x0000000090a00000| Untracked |  0
|  213|0x0000000090b00000, 0x0000000090b00000, 0x0000000090c00000|  0%| F|  |TAMS 0x0000000090b00000| PB 0x0000000090b00000| Untracked |  0
|  214|0x0000000090c00000, 0x0000000090c00000, 0x0000000090d00000|  0%| F|  |TAMS 0x0000000090c00000| PB 0x0000000090c00000| Untracked |  0
|  215|0x0000000090d00000, 0x0000000090d00000, 0x0000000090e00000|  0%| F|  |TAMS 0x0000000090d00000| PB 0x0000000090d00000| Untracked |  0
|  216|0x0000000090e00000, 0x0000000090e00000, 0x0000000090f00000|  0%| F|  |TAMS 0x0000000090e00000| PB 0x0000000090e00000| Untracked |  0
|  217|0x0000000090f00000, 0x0000000090f00000, 0x0000000091000000|  0%| F|  |TAMS 0x0000000090f00000| PB 0x0000000090f00000| Untracked |  0
|  218|0x0000000091000000, 0x0000000091000000, 0x0000000091100000|  0%| F|  |TAMS 0x0000000091000000| PB 0x0000000091000000| Untracked |  0
|  219|0x0000000091100000, 0x0000000091100000, 0x0000000091200000|  0%| F|  |TAMS 0x0000000091100000| PB 0x0000000091100000| Untracked |  0
|  220|0x0000000091200000, 0x0000000091200000, 0x0000000091300000|  0%| F|  |TAMS 0x0000000091200000| PB 0x0000000091200000| Untracked |  0
|  221|0x0000000091300000, 0x0000000091300000, 0x0000000091400000|  0%| F|  |TAMS 0x0000000091300000| PB 0x0000000091300000| Untracked |  0
|  222|0x0000000091400000, 0x0000000091400000, 0x0000000091500000|  0%| F|  |TAMS 0x0000000091400000| PB 0x0000000091400000| Untracked |  0
|  223|0x0000000091500000, 0x0000000091500000, 0x0000000091600000|  0%| F|  |TAMS 0x0000000091500000| PB 0x0000000091500000| Untracked |  0
|  224|0x0000000091600000, 0x0000000091600000, 0x0000000091700000|  0%| F|  |TAMS 0x0000000091600000| PB 0x0000000091600000| Untracked |  0
|  225|0x0000000091700000, 0x0000000091700000, 0x0000000091800000|  0%| F|  |TAMS 0x0000000091700000| PB 0x0000000091700000| Untracked |  0
|  226|0x0000000091800000, 0x0000000091800000, 0x0000000091900000|  0%| F|  |TAMS 0x0000000091800000| PB 0x0000000091800000| Untracked |  0
|  227|0x0000000091900000, 0x0000000091900000, 0x0000000091a00000|  0%| F|  |TAMS 0x0000000091900000| PB 0x0000000091900000| Untracked |  0
|  228|0x0000000091a00000, 0x0000000091a00000, 0x0000000091b00000|  0%| F|  |TAMS 0x0000000091a00000| PB 0x0000000091a00000| Untracked |  0
|  229|0x0000000091b00000, 0x0000000091b00000, 0x0000000091c00000|  0%| F|  |TAMS 0x0000000091b00000| PB 0x0000000091b00000| Untracked |  0
|  230|0x0000000091c00000, 0x0000000091c00000, 0x0000000091d00000|  0%| F|  |TAMS 0x0000000091c00000| PB 0x0000000091c00000| Untracked |  0
|  231|0x0000000091d00000, 0x0000000091d00000, 0x0000000091e00000|  0%| F|  |TAMS 0x0000000091d00000| PB 0x0000000091d00000| Untracked |  0
|  232|0x0000000091e00000, 0x0000000091e00000, 0x0000000091f00000|  0%| F|  |TAMS 0x0000000091e00000| PB 0x0000000091e00000| Untracked |  0
|  233|0x0000000091f00000, 0x0000000091f00000, 0x0000000092000000|  0%| F|  |TAMS 0x0000000091f00000| PB 0x0000000091f00000| Untracked |  0
|  234|0x0000000092000000, 0x0000000092000000, 0x0000000092100000|  0%| F|  |TAMS 0x0000000092000000| PB 0x0000000092000000| Untracked |  0
|  235|0x0000000092100000, 0x0000000092100000, 0x0000000092200000|  0%| F|  |TAMS 0x0000000092100000| PB 0x0000000092100000| Untracked |  0
|  236|0x0000000092200000, 0x0000000092200000, 0x0000000092300000|  0%| F|  |TAMS 0x0000000092200000| PB 0x0000000092200000| Untracked |  0
|  237|0x0000000092300000, 0x0000000092300000, 0x0000000092400000|  0%| F|  |TAMS 0x0000000092300000| PB 0x0000000092300000| Untracked |  0
|  238|0x0000000092400000, 0x0000000092400000, 0x0000000092500000|  0%| F|  |TAMS 0x0000000092400000| PB 0x0000000092400000| Untracked |  0
|  239|0x0000000092500000, 0x0000000092500000, 0x0000000092600000|  0%| F|  |TAMS 0x0000000092500000| PB 0x0000000092500000| Untracked |  0
|  240|0x0000000092600000, 0x0000000092600000, 0x0000000092700000|  0%| F|  |TAMS 0x0000000092600000| PB 0x0000000092600000| Untracked |  0
|  241|0x0000000092700000, 0x0000000092700000, 0x0000000092800000|  0%| F|  |TAMS 0x0000000092700000| PB 0x0000000092700000| Untracked |  0
|  242|0x0000000092800000, 0x0000000092800000, 0x0000000092900000|  0%| F|  |TAMS 0x0000000092800000| PB 0x0000000092800000| Untracked |  0
|  243|0x0000000092900000, 0x0000000092900000, 0x0000000092a00000|  0%| F|  |TAMS 0x0000000092900000| PB 0x0000000092900000| Untracked |  0
|  244|0x0000000092a00000, 0x0000000092a00000, 0x0000000092b00000|  0%| F|  |TAMS 0x0000000092a00000| PB 0x0000000092a00000| Untracked |  0
|  245|0x0000000092b00000, 0x0000000092b00000, 0x0000000092c00000|  0%| F|  |TAMS 0x0000000092b00000| PB 0x0000000092b00000| Untracked |  0
|  246|0x0000000092c00000, 0x0000000092c00000, 0x0000000092d00000|  0%| F|  |TAMS 0x0000000092c00000| PB 0x0000000092c00000| Untracked |  0
|  247|0x0000000092d00000, 0x0000000092d00000, 0x0000000092e00000|  0%| F|  |TAMS 0x0000000092d00000| PB 0x0000000092d00000| Untracked |  0
|  248|0x0000000092e00000, 0x0000000092e00000, 0x0000000092f00000|  0%| F|  |TAMS 0x0000000092e00000| PB 0x0000000092e00000| Untracked |  0
|  249|0x0000000092f00000, 0x0000000092f00000, 0x0000000093000000|  0%| F|  |TAMS 0x0000000092f00000| PB 0x0000000092f00000| Untracked |  0
|  250|0x0000000093000000, 0x0000000093000000, 0x0000000093100000|  0%| F|  |TAMS 0x0000000093000000| PB 0x0000000093000000| Untracked |  0
|  251|0x0000000093100000, 0x0000000093100000, 0x0000000093200000|  0%| F|  |TAMS 0x0000000093100000| PB 0x0000000093100000| Untracked |  0
|  252|0x0000000093200000, 0x0000000093200000, 0x0000000093300000|  0%| F|  |TAMS 0x0000000093200000| PB 0x0000000093200000| Untracked |  0
|  253|0x0000000093300000, 0x0000000093300000, 0x0000000093400000|  0%| F|  |TAMS 0x0000000093300000| PB 0x0000000093300000| Untracked |  0
|  254|0x0000000093400000, 0x0000000093400000, 0x0000000093500000|  0%| F|  |TAMS 0x0000000093400000| PB 0x0000000093400000| Untracked |  0
|  255|0x0000000093500000, 0x0000000093500000, 0x0000000093600000|  0%| F|  |TAMS 0x0000000093500000| PB 0x0000000093500000| Untracked |  0
|  256|0x0000000093600000, 0x0000000093600000, 0x0000000093700000|  0%| F|  |TAMS 0x0000000093600000| PB 0x0000000093600000| Untracked |  0
|  257|0x0000000093700000, 0x0000000093700000, 0x0000000093800000|  0%| F|  |TAMS 0x0000000093700000| PB 0x0000000093700000| Untracked |  0
|  258|0x0000000093800000, 0x0000000093800000, 0x0000000093900000|  0%| F|  |TAMS 0x0000000093800000| PB 0x0000000093800000| Untracked |  0
|  259|0x0000000093900000, 0x0000000093900000, 0x0000000093a00000|  0%| F|  |TAMS 0x0000000093900000| PB 0x0000000093900000| Untracked |  0
|  260|0x0000000093a00000, 0x0000000093a00000, 0x0000000093b00000|  0%| F|  |TAMS 0x0000000093a00000| PB 0x0000000093a00000| Untracked |  0
|  261|0x0000000093b00000, 0x0000000093b00000, 0x0000000093c00000|  0%| F|  |TAMS 0x0000000093b00000| PB 0x0000000093b00000| Untracked |  0
|  262|0x0000000093c00000, 0x0000000093c00000, 0x0000000093d00000|  0%| F|  |TAMS 0x0000000093c00000| PB 0x0000000093c00000| Untracked |  0
|  263|0x0000000093d00000, 0x0000000093d00000, 0x0000000093e00000|  0%| F|  |TAMS 0x0000000093d00000| PB 0x0000000093d00000| Untracked |  0
|  264|0x0000000093e00000, 0x0000000093e00000, 0x0000000093f00000|  0%| F|  |TAMS 0x0000000093e00000| PB 0x0000000093e00000| Untracked |  0
|  265|0x0000000093f00000, 0x0000000093f00000, 0x0000000094000000|  0%| F|  |TAMS 0x0000000093f00000| PB 0x0000000093f00000| Untracked |  0
|  266|0x0000000094000000, 0x0000000094000000, 0x0000000094100000|  0%| F|  |TAMS 0x0000000094000000| PB 0x0000000094000000| Untracked |  0
|  267|0x0000000094100000, 0x0000000094100000, 0x0000000094200000|  0%| F|  |TAMS 0x0000000094100000| PB 0x0000000094100000| Untracked |  0
|  268|0x0000000094200000, 0x0000000094200000, 0x0000000094300000|  0%| F|  |TAMS 0x0000000094200000| PB 0x0000000094200000| Untracked |  0
|  269|0x0000000094300000, 0x0000000094300000, 0x0000000094400000|  0%| F|  |TAMS 0x0000000094300000| PB 0x0000000094300000| Untracked |  0
|  270|0x0000000094400000, 0x0000000094400000, 0x0000000094500000|  0%| F|  |TAMS 0x0000000094400000| PB 0x0000000094400000| Untracked |  0
|  271|0x0000000094500000, 0x0000000094500000, 0x0000000094600000|  0%| F|  |TAMS 0x0000000094500000| PB 0x0000000094500000| Untracked |  0
|  272|0x0000000094600000, 0x0000000094680000, 0x0000000094700000| 50%| S|CS|TAMS 0x0000000094600000| PB 0x0000000094600000| Complete  |  0
|  273|0x0000000094700000, 0x0000000094700000, 0x0000000094800000|  0%| F|  |TAMS 0x0000000094700000| PB 0x0000000094700000| Untracked |  0
|  274|0x0000000094800000, 0x0000000094800000, 0x0000000094900000|  0%| F|  |TAMS 0x0000000094800000| PB 0x0000000094800000| Untracked |  0
|  275|0x0000000094900000, 0x0000000094900000, 0x0000000094a00000|  0%| F|  |TAMS 0x0000000094900000| PB 0x0000000094900000| Untracked |  0
|  276|0x0000000094a00000, 0x0000000094a00000, 0x0000000094b00000|  0%| F|  |TAMS 0x0000000094a00000| PB 0x0000000094a00000| Untracked |  0
|  277|0x0000000094b00000, 0x0000000094b00000, 0x0000000094c00000|  0%| F|  |TAMS 0x0000000094b00000| PB 0x0000000094b00000| Untracked |  0
|  278|0x0000000094c00000, 0x0000000094c00000, 0x0000000094d00000|  0%| F|  |TAMS 0x0000000094c00000| PB 0x0000000094c00000| Untracked |  0
|  279|0x0000000094d00000, 0x0000000094d00000, 0x0000000094e00000|  0%| F|  |TAMS 0x0000000094d00000| PB 0x0000000094d00000| Untracked |  0
|  280|0x0000000094e00000, 0x0000000094e00000, 0x0000000094f00000|  0%| F|  |TAMS 0x0000000094e00000| PB 0x0000000094e00000| Untracked |  0
|  281|0x0000000094f00000, 0x0000000094f00000, 0x0000000095000000|  0%| F|  |TAMS 0x0000000094f00000| PB 0x0000000094f00000| Untracked |  0
|  282|0x0000000095000000, 0x0000000095000000, 0x0000000095100000|  0%| F|  |TAMS 0x0000000095000000| PB 0x0000000095000000| Untracked |  0
|  283|0x0000000095100000, 0x0000000095100000, 0x0000000095200000|  0%| F|  |TAMS 0x0000000095100000| PB 0x0000000095100000| Untracked |  0
|  284|0x0000000095200000, 0x0000000095200000, 0x0000000095300000|  0%| F|  |TAMS 0x0000000095200000| PB 0x0000000095200000| Untracked |  0
|  285|0x0000000095300000, 0x0000000095300000, 0x0000000095400000|  0%| F|  |TAMS 0x0000000095300000| PB 0x0000000095300000| Untracked |  0
|  286|0x0000000095400000, 0x0000000095400000, 0x0000000095500000|  0%| F|  |TAMS 0x0000000095400000| PB 0x0000000095400000| Untracked |  0
|  287|0x0000000095500000, 0x0000000095500000, 0x0000000095600000|  0%| F|  |TAMS 0x0000000095500000| PB 0x0000000095500000| Untracked |  0
|  288|0x0000000095600000, 0x0000000095600000, 0x0000000095700000|  0%| F|  |TAMS 0x0000000095600000| PB 0x0000000095600000| Untracked |  0
|  289|0x0000000095700000, 0x0000000095700000, 0x0000000095800000|  0%| F|  |TAMS 0x0000000095700000| PB 0x0000000095700000| Untracked |  0
|  290|0x0000000095800000, 0x0000000095800000, 0x0000000095900000|  0%| F|  |TAMS 0x0000000095800000| PB 0x0000000095800000| Untracked |  0
|  291|0x0000000095900000, 0x0000000095900000, 0x0000000095a00000|  0%| F|  |TAMS 0x0000000095900000| PB 0x0000000095900000| Untracked |  0
|  292|0x0000000095a00000, 0x0000000095a00000, 0x0000000095b00000|  0%| F|  |TAMS 0x0000000095a00000| PB 0x0000000095a00000| Untracked |  0
|  293|0x0000000095b00000, 0x0000000095b00000, 0x0000000095c00000|  0%| F|  |TAMS 0x0000000095b00000| PB 0x0000000095b00000| Untracked |  0
|  294|0x0000000095c00000, 0x0000000095c00000, 0x0000000095d00000|  0%| F|  |TAMS 0x0000000095c00000| PB 0x0000000095c00000| Untracked |  0
|  295|0x0000000095d00000, 0x0000000095d00000, 0x0000000095e00000|  0%| F|  |TAMS 0x0000000095d00000| PB 0x0000000095d00000| Untracked |  0
|  296|0x0000000095e00000, 0x0000000095e00000, 0x0000000095f00000|  0%| F|  |TAMS 0x0000000095e00000| PB 0x0000000095e00000| Untracked |  0
|  297|0x0000000095f00000, 0x0000000095f00000, 0x0000000096000000|  0%| F|  |TAMS 0x0000000095f00000| PB 0x0000000095f00000| Untracked |  0
|  298|0x0000000096000000, 0x0000000096000000, 0x0000000096100000|  0%| F|  |TAMS 0x0000000096000000| PB 0x0000000096000000| Untracked |  0
|  299|0x0000000096100000, 0x0000000096100000, 0x0000000096200000|  0%| F|  |TAMS 0x0000000096100000| PB 0x0000000096100000| Untracked |  0
|  300|0x0000000096200000, 0x0000000096200000, 0x0000000096300000|  0%| F|  |TAMS 0x0000000096200000| PB 0x0000000096200000| Untracked |  0
|  301|0x0000000096300000, 0x0000000096300000, 0x0000000096400000|  0%| F|  |TAMS 0x0000000096300000| PB 0x0000000096300000| Untracked |  0
|  302|0x0000000096400000, 0x0000000096400000, 0x0000000096500000|  0%| F|  |TAMS 0x0000000096400000| PB 0x0000000096400000| Untracked |  0
|  303|0x0000000096500000, 0x0000000096500000, 0x0000000096600000|  0%| F|  |TAMS 0x0000000096500000| PB 0x0000000096500000| Untracked |  0
|  304|0x0000000096600000, 0x0000000096600000, 0x0000000096700000|  0%| F|  |TAMS 0x0000000096600000| PB 0x0000000096600000| Untracked |  0
|  305|0x0000000096700000, 0x0000000096700000, 0x0000000096800000|  0%| F|  |TAMS 0x0000000096700000| PB 0x0000000096700000| Untracked |  0
|  306|0x0000000096800000, 0x0000000096800000, 0x0000000096900000|  0%| F|  |TAMS 0x0000000096800000| PB 0x0000000096800000| Untracked |  0
|  307|0x0000000096900000, 0x0000000096900000, 0x0000000096a00000|  0%| F|  |TAMS 0x0000000096900000| PB 0x0000000096900000| Untracked |  0
|  308|0x0000000096a00000, 0x0000000096a00000, 0x0000000096b00000|  0%| F|  |TAMS 0x0000000096a00000| PB 0x0000000096a00000| Untracked |  0
|  309|0x0000000096b00000, 0x0000000096b00000, 0x0000000096c00000|  0%| F|  |TAMS 0x0000000096b00000| PB 0x0000000096b00000| Untracked |  0
|  310|0x0000000096c00000, 0x0000000096c00000, 0x0000000096d00000|  0%| F|  |TAMS 0x0000000096c00000| PB 0x0000000096c00000| Untracked |  0
|  311|0x0000000096d00000, 0x0000000096d00000, 0x0000000096e00000|  0%| F|  |TAMS 0x0000000096d00000| PB 0x0000000096d00000| Untracked |  0
|  312|0x0000000096e00000, 0x0000000096e00000, 0x0000000096f00000|  0%| F|  |TAMS 0x0000000096e00000| PB 0x0000000096e00000| Untracked |  0
|  313|0x0000000096f00000, 0x0000000096f00000, 0x0000000097000000|  0%| F|  |TAMS 0x0000000096f00000| PB 0x0000000096f00000| Untracked |  0
|  314|0x0000000097000000, 0x0000000097000000, 0x0000000097100000|  0%| F|  |TAMS 0x0000000097000000| PB 0x0000000097000000| Untracked |  0
|  315|0x0000000097100000, 0x0000000097100000, 0x0000000097200000|  0%| F|  |TAMS 0x0000000097100000| PB 0x0000000097100000| Untracked |  0
|  316|0x0000000097200000, 0x0000000097200000, 0x0000000097300000|  0%| F|  |TAMS 0x0000000097200000| PB 0x0000000097200000| Untracked |  0
|  317|0x0000000097300000, 0x0000000097300000, 0x0000000097400000|  0%| F|  |TAMS 0x0000000097300000| PB 0x0000000097300000| Untracked |  0
|  318|0x0000000097400000, 0x0000000097400000, 0x0000000097500000|  0%| F|  |TAMS 0x0000000097400000| PB 0x0000000097400000| Untracked |  0
|  319|0x0000000097500000, 0x0000000097500000, 0x0000000097600000|  0%| F|  |TAMS 0x0000000097500000| PB 0x0000000097500000| Untracked |  0
|  320|0x0000000097600000, 0x0000000097600000, 0x0000000097700000|  0%| F|  |TAMS 0x0000000097600000| PB 0x0000000097600000| Untracked |  0
|  321|0x0000000097700000, 0x0000000097700000, 0x0000000097800000|  0%| F|  |TAMS 0x0000000097700000| PB 0x0000000097700000| Untracked |  0
|  322|0x0000000097800000, 0x0000000097800000, 0x0000000097900000|  0%| F|  |TAMS 0x0000000097800000| PB 0x0000000097800000| Untracked |  0
|  323|0x0000000097900000, 0x0000000097900000, 0x0000000097a00000|  0%| F|  |TAMS 0x0000000097900000| PB 0x0000000097900000| Untracked |  0
|  324|0x0000000097a00000, 0x0000000097a00000, 0x0000000097b00000|  0%| F|  |TAMS 0x0000000097a00000| PB 0x0000000097a00000| Untracked |  0
|  325|0x0000000097b00000, 0x0000000097b00000, 0x0000000097c00000|  0%| F|  |TAMS 0x0000000097b00000| PB 0x0000000097b00000| Untracked |  0
|  326|0x0000000097c00000, 0x0000000097c00000, 0x0000000097d00000|  0%| F|  |TAMS 0x0000000097c00000| PB 0x0000000097c00000| Untracked |  0
|  327|0x0000000097d00000, 0x0000000097d00000, 0x0000000097e00000|  0%| F|  |TAMS 0x0000000097d00000| PB 0x0000000097d00000| Untracked |  0
|  328|0x0000000097e00000, 0x0000000097e00000, 0x0000000097f00000|  0%| F|  |TAMS 0x0000000097e00000| PB 0x0000000097e00000| Untracked |  0
|  329|0x0000000097f00000, 0x0000000097f00000, 0x0000000098000000|  0%| F|  |TAMS 0x0000000097f00000| PB 0x0000000097f00000| Untracked |  0
|  330|0x0000000098000000, 0x0000000098000000, 0x0000000098100000|  0%| F|  |TAMS 0x0000000098000000| PB 0x0000000098000000| Untracked |  0
|  331|0x0000000098100000, 0x0000000098100000, 0x0000000098200000|  0%| F|  |TAMS 0x0000000098100000| PB 0x0000000098100000| Untracked |  0
|  332|0x0000000098200000, 0x0000000098200000, 0x0000000098300000|  0%| F|  |TAMS 0x0000000098200000| PB 0x0000000098200000| Untracked |  0
|  333|0x0000000098300000, 0x0000000098300000, 0x0000000098400000|  0%| F|  |TAMS 0x0000000098300000| PB 0x0000000098300000| Untracked |  0
|  334|0x0000000098400000, 0x0000000098400000, 0x0000000098500000|  0%| F|  |TAMS 0x0000000098400000| PB 0x0000000098400000| Untracked |  0
|  335|0x0000000098500000, 0x0000000098500000, 0x0000000098600000|  0%| F|  |TAMS 0x0000000098500000| PB 0x0000000098500000| Untracked |  0
|  336|0x0000000098600000, 0x0000000098600000, 0x0000000098700000|  0%| F|  |TAMS 0x0000000098600000| PB 0x0000000098600000| Untracked |  0
|  337|0x0000000098700000, 0x0000000098700000, 0x0000000098800000|  0%| F|  |TAMS 0x0000000098700000| PB 0x0000000098700000| Untracked |  0
|  338|0x0000000098800000, 0x0000000098800000, 0x0000000098900000|  0%| F|  |TAMS 0x0000000098800000| PB 0x0000000098800000| Untracked |  0
|  339|0x0000000098900000, 0x0000000098900000, 0x0000000098a00000|  0%| F|  |TAMS 0x0000000098900000| PB 0x0000000098900000| Untracked |  0
|  340|0x0000000098a00000, 0x0000000098a00000, 0x0000000098b00000|  0%| F|  |TAMS 0x0000000098a00000| PB 0x0000000098a00000| Untracked |  0
|  341|0x0000000098b00000, 0x0000000098b00000, 0x0000000098c00000|  0%| F|  |TAMS 0x0000000098b00000| PB 0x0000000098b00000| Untracked |  0
|  342|0x0000000098c00000, 0x0000000098c00000, 0x0000000098d00000|  0%| F|  |TAMS 0x0000000098c00000| PB 0x0000000098c00000| Untracked |  0
|  343|0x0000000098d00000, 0x0000000098d00000, 0x0000000098e00000|  0%| F|  |TAMS 0x0000000098d00000| PB 0x0000000098d00000| Untracked |  0
|  344|0x0000000098e00000, 0x0000000098e00000, 0x0000000098f00000|  0%| F|  |TAMS 0x0000000098e00000| PB 0x0000000098e00000| Untracked |  0
|  345|0x0000000098f00000, 0x0000000098f00000, 0x0000000099000000|  0%| F|  |TAMS 0x0000000098f00000| PB 0x0000000098f00000| Untracked |  0
|  346|0x0000000099000000, 0x0000000099000000, 0x0000000099100000|  0%| F|  |TAMS 0x0000000099000000| PB 0x0000000099000000| Untracked |  0
|  347|0x0000000099100000, 0x0000000099100000, 0x0000000099200000|  0%| F|  |TAMS 0x0000000099100000| PB 0x0000000099100000| Untracked |  0
|  348|0x0000000099200000, 0x0000000099200000, 0x0000000099300000|  0%| F|  |TAMS 0x0000000099200000| PB 0x0000000099200000| Untracked |  0
|  349|0x0000000099300000, 0x0000000099300000, 0x0000000099400000|  0%| F|  |TAMS 0x0000000099300000| PB 0x0000000099300000| Untracked |  0
|  350|0x0000000099400000, 0x0000000099400000, 0x0000000099500000|  0%| F|  |TAMS 0x0000000099400000| PB 0x0000000099400000| Untracked |  0
|  351|0x0000000099500000, 0x0000000099500000, 0x0000000099600000|  0%| F|  |TAMS 0x0000000099500000| PB 0x0000000099500000| Untracked |  0
|  352|0x0000000099600000, 0x0000000099600000, 0x0000000099700000|  0%| F|  |TAMS 0x0000000099600000| PB 0x0000000099600000| Untracked |  0
|  353|0x0000000099700000, 0x0000000099700000, 0x0000000099800000|  0%| F|  |TAMS 0x0000000099700000| PB 0x0000000099700000| Untracked |  0
|  354|0x0000000099800000, 0x0000000099800000, 0x0000000099900000|  0%| F|  |TAMS 0x0000000099800000| PB 0x0000000099800000| Untracked |  0
|  355|0x0000000099900000, 0x0000000099900000, 0x0000000099a00000|  0%| F|  |TAMS 0x0000000099900000| PB 0x0000000099900000| Untracked |  0
|  356|0x0000000099a00000, 0x0000000099a00000, 0x0000000099b00000|  0%| F|  |TAMS 0x0000000099a00000| PB 0x0000000099a00000| Untracked |  0
|  357|0x0000000099b00000, 0x0000000099b00000, 0x0000000099c00000|  0%| F|  |TAMS 0x0000000099b00000| PB 0x0000000099b00000| Untracked |  0
|  358|0x0000000099c00000, 0x0000000099c00000, 0x0000000099d00000|  0%| F|  |TAMS 0x0000000099c00000| PB 0x0000000099c00000| Untracked |  0
|  359|0x0000000099d00000, 0x0000000099d00000, 0x0000000099e00000|  0%| F|  |TAMS 0x0000000099d00000| PB 0x0000000099d00000| Untracked |  0
|  360|0x0000000099e00000, 0x0000000099e00000, 0x0000000099f00000|  0%| F|  |TAMS 0x0000000099e00000| PB 0x0000000099e00000| Untracked |  0
|  361|0x0000000099f00000, 0x0000000099f00000, 0x000000009a000000|  0%| F|  |TAMS 0x0000000099f00000| PB 0x0000000099f00000| Untracked |  0
|  362|0x000000009a000000, 0x000000009a000000, 0x000000009a100000|  0%| F|  |TAMS 0x000000009a000000| PB 0x000000009a000000| Untracked |  0
|  363|0x000000009a100000, 0x000000009a100000, 0x000000009a200000|  0%| F|  |TAMS 0x000000009a100000| PB 0x000000009a100000| Untracked |  0
|  364|0x000000009a200000, 0x000000009a200000, 0x000000009a300000|  0%| F|  |TAMS 0x000000009a200000| PB 0x000000009a200000| Untracked |  0
|  365|0x000000009a300000, 0x000000009a300000, 0x000000009a400000|  0%| F|  |TAMS 0x000000009a300000| PB 0x000000009a300000| Untracked |  0
|  366|0x000000009a400000, 0x000000009a400000, 0x000000009a500000|  0%| F|  |TAMS 0x000000009a400000| PB 0x000000009a400000| Untracked |  0
|  367|0x000000009a500000, 0x000000009a500000, 0x000000009a600000|  0%| F|  |TAMS 0x000000009a500000| PB 0x000000009a500000| Untracked |  0
|  368|0x000000009a600000, 0x000000009a600000, 0x000000009a700000|  0%| F|  |TAMS 0x000000009a600000| PB 0x000000009a600000| Untracked |  0
|  369|0x000000009a700000, 0x000000009a700000, 0x000000009a800000|  0%| F|  |TAMS 0x000000009a700000| PB 0x000000009a700000| Untracked |  0
|  370|0x000000009a800000, 0x000000009a800000, 0x000000009a900000|  0%| F|  |TAMS 0x000000009a800000| PB 0x000000009a800000| Untracked |  0
|  371|0x000000009a900000, 0x000000009a900000, 0x000000009aa00000|  0%| F|  |TAMS 0x000000009a900000| PB 0x000000009a900000| Untracked |  0
|  372|0x000000009aa00000, 0x000000009aa00000, 0x000000009ab00000|  0%| F|  |TAMS 0x000000009aa00000| PB 0x000000009aa00000| Untracked |  0
|  373|0x000000009ab00000, 0x000000009ab00000, 0x000000009ac00000|  0%| F|  |TAMS 0x000000009ab00000| PB 0x000000009ab00000| Untracked |  0
|  374|0x000000009ac00000, 0x000000009ac00000, 0x000000009ad00000|  0%| F|  |TAMS 0x000000009ac00000| PB 0x000000009ac00000| Untracked |  0
|  375|0x000000009ad00000, 0x000000009ad00000, 0x000000009ae00000|  0%| F|  |TAMS 0x000000009ad00000| PB 0x000000009ad00000| Untracked |  0
|  376|0x000000009ae00000, 0x000000009ae00000, 0x000000009af00000|  0%| F|  |TAMS 0x000000009ae00000| PB 0x000000009ae00000| Untracked |  0
|  377|0x000000009af00000, 0x000000009af00000, 0x000000009b000000|  0%| F|  |TAMS 0x000000009af00000| PB 0x000000009af00000| Untracked |  0
|  378|0x000000009b000000, 0x000000009b000000, 0x000000009b100000|  0%| F|  |TAMS 0x000000009b000000| PB 0x000000009b000000| Untracked |  0
|  379|0x000000009b100000, 0x000000009b100000, 0x000000009b200000|  0%| F|  |TAMS 0x000000009b100000| PB 0x000000009b100000| Untracked |  0
|  380|0x000000009b200000, 0x000000009b200000, 0x000000009b300000|  0%| F|  |TAMS 0x000000009b200000| PB 0x000000009b200000| Untracked |  0
|  381|0x000000009b300000, 0x000000009b300000, 0x000000009b400000|  0%| F|  |TAMS 0x000000009b300000| PB 0x000000009b300000| Untracked |  0
|  382|0x000000009b400000, 0x000000009b400000, 0x000000009b500000|  0%| F|  |TAMS 0x000000009b400000| PB 0x000000009b400000| Untracked |  0
|  383|0x000000009b500000, 0x000000009b500000, 0x000000009b600000|  0%| F|  |TAMS 0x000000009b500000| PB 0x000000009b500000| Untracked |  0
|  384|0x000000009b600000, 0x000000009b600000, 0x000000009b700000|  0%| F|  |TAMS 0x000000009b600000| PB 0x000000009b600000| Untracked |  0
|  385|0x000000009b700000, 0x000000009b700000, 0x000000009b800000|  0%| F|  |TAMS 0x000000009b700000| PB 0x000000009b700000| Untracked |  0
|  386|0x000000009b800000, 0x000000009b800000, 0x000000009b900000|  0%| F|  |TAMS 0x000000009b800000| PB 0x000000009b800000| Untracked |  0
|  387|0x000000009b900000, 0x000000009b900000, 0x000000009ba00000|  0%| F|  |TAMS 0x000000009b900000| PB 0x000000009b900000| Untracked |  0
|  388|0x000000009ba00000, 0x000000009ba00000, 0x000000009bb00000|  0%| F|  |TAMS 0x000000009ba00000| PB 0x000000009ba00000| Untracked |  0
|  389|0x000000009bb00000, 0x000000009bb00000, 0x000000009bc00000|  0%| F|  |TAMS 0x000000009bb00000| PB 0x000000009bb00000| Untracked |  0
|  390|0x000000009bc00000, 0x000000009bc00000, 0x000000009bd00000|  0%| F|  |TAMS 0x000000009bc00000| PB 0x000000009bc00000| Untracked |  0
|  391|0x000000009bd00000, 0x000000009bd00000, 0x000000009be00000|  0%| F|  |TAMS 0x000000009bd00000| PB 0x000000009bd00000| Untracked |  0
|  392|0x000000009be00000, 0x000000009be00000, 0x000000009bf00000|  0%| F|  |TAMS 0x000000009be00000| PB 0x000000009be00000| Untracked |  0
|  393|0x000000009bf00000, 0x000000009bf00000, 0x000000009c000000|  0%| F|  |TAMS 0x000000009bf00000| PB 0x000000009bf00000| Untracked |  0
|  394|0x000000009c000000, 0x000000009c000000, 0x000000009c100000|  0%| F|  |TAMS 0x000000009c000000| PB 0x000000009c000000| Untracked |  0
|  395|0x000000009c100000, 0x000000009c100000, 0x000000009c200000|  0%| F|  |TAMS 0x000000009c100000| PB 0x000000009c100000| Untracked |  0
|  396|0x000000009c200000, 0x000000009c200000, 0x000000009c300000|  0%| F|  |TAMS 0x000000009c200000| PB 0x000000009c200000| Untracked |  0
|  397|0x000000009c300000, 0x000000009c300000, 0x000000009c400000|  0%| F|  |TAMS 0x000000009c300000| PB 0x000000009c300000| Untracked |  0
|  398|0x000000009c400000, 0x000000009c400000, 0x000000009c500000|  0%| F|  |TAMS 0x000000009c400000| PB 0x000000009c400000| Untracked |  0
|  399|0x000000009c500000, 0x000000009c500000, 0x000000009c600000|  0%| F|  |TAMS 0x000000009c500000| PB 0x000000009c500000| Untracked |  0
|  400|0x000000009c600000, 0x000000009c600000, 0x000000009c700000|  0%| F|  |TAMS 0x000000009c600000| PB 0x000000009c600000| Untracked |  0
|  401|0x000000009c700000, 0x000000009c700000, 0x000000009c800000|  0%| F|  |TAMS 0x000000009c700000| PB 0x000000009c700000| Untracked |  0
|  402|0x000000009c800000, 0x000000009c800000, 0x000000009c900000|  0%| F|  |TAMS 0x000000009c800000| PB 0x000000009c800000| Untracked |  0
|  403|0x000000009c900000, 0x000000009c900000, 0x000000009ca00000|  0%| F|  |TAMS 0x000000009c900000| PB 0x000000009c900000| Untracked |  0
|  404|0x000000009ca00000, 0x000000009ca00000, 0x000000009cb00000|  0%| F|  |TAMS 0x000000009ca00000| PB 0x000000009ca00000| Untracked |  0
|  405|0x000000009cb00000, 0x000000009cb00000, 0x000000009cc00000|  0%| F|  |TAMS 0x000000009cb00000| PB 0x000000009cb00000| Untracked |  0
|  406|0x000000009cc00000, 0x000000009cc00000, 0x000000009cd00000|  0%| F|  |TAMS 0x000000009cc00000| PB 0x000000009cc00000| Untracked |  0
|  407|0x000000009cd00000, 0x000000009cd00000, 0x000000009ce00000|  0%| F|  |TAMS 0x000000009cd00000| PB 0x000000009cd00000| Untracked |  0
|  408|0x000000009ce00000, 0x000000009ce00000, 0x000000009cf00000|  0%| F|  |TAMS 0x000000009ce00000| PB 0x000000009ce00000| Untracked |  0
|  409|0x000000009cf00000, 0x000000009cf00000, 0x000000009d000000|  0%| F|  |TAMS 0x000000009cf00000| PB 0x000000009cf00000| Untracked |  0
|  410|0x000000009d000000, 0x000000009d000000, 0x000000009d100000|  0%| F|  |TAMS 0x000000009d000000| PB 0x000000009d000000| Untracked |  0
|  411|0x000000009d100000, 0x000000009d100000, 0x000000009d200000|  0%| F|  |TAMS 0x000000009d100000| PB 0x000000009d100000| Untracked |  0
|  412|0x000000009d200000, 0x000000009d200000, 0x000000009d300000|  0%| F|  |TAMS 0x000000009d200000| PB 0x000000009d200000| Untracked |  0
|  413|0x000000009d300000, 0x000000009d300000, 0x000000009d400000|  0%| F|  |TAMS 0x000000009d300000| PB 0x000000009d300000| Untracked |  0
|  414|0x000000009d400000, 0x000000009d400000, 0x000000009d500000|  0%| F|  |TAMS 0x000000009d400000| PB 0x000000009d400000| Untracked |  0
|  415|0x000000009d500000, 0x000000009d500000, 0x000000009d600000|  0%| F|  |TAMS 0x000000009d500000| PB 0x000000009d500000| Untracked |  0
|  416|0x000000009d600000, 0x000000009d600000, 0x000000009d700000|  0%| F|  |TAMS 0x000000009d600000| PB 0x000000009d600000| Untracked |  0
|  417|0x000000009d700000, 0x000000009d700000, 0x000000009d800000|  0%| F|  |TAMS 0x000000009d700000| PB 0x000000009d700000| Untracked |  0
|  418|0x000000009d800000, 0x000000009d800000, 0x000000009d900000|  0%| F|  |TAMS 0x000000009d800000| PB 0x000000009d800000| Untracked |  0
|  419|0x000000009d900000, 0x000000009d900000, 0x000000009da00000|  0%| F|  |TAMS 0x000000009d900000| PB 0x000000009d900000| Untracked |  0
|  420|0x000000009da00000, 0x000000009da00000, 0x000000009db00000|  0%| F|  |TAMS 0x000000009da00000| PB 0x000000009da00000| Untracked |  0
|  421|0x000000009db00000, 0x000000009db00000, 0x000000009dc00000|  0%| F|  |TAMS 0x000000009db00000| PB 0x000000009db00000| Untracked |  0
|  422|0x000000009dc00000, 0x000000009dc00000, 0x000000009dd00000|  0%| F|  |TAMS 0x000000009dc00000| PB 0x000000009dc00000| Untracked |  0
|  423|0x000000009dd00000, 0x000000009dd00000, 0x000000009de00000|  0%| F|  |TAMS 0x000000009dd00000| PB 0x000000009dd00000| Untracked |  0
|  424|0x000000009de00000, 0x000000009de00000, 0x000000009df00000|  0%| F|  |TAMS 0x000000009de00000| PB 0x000000009de00000| Untracked |  0
|  425|0x000000009df00000, 0x000000009df00000, 0x000000009e000000|  0%| F|  |TAMS 0x000000009df00000| PB 0x000000009df00000| Untracked |  0
|  426|0x000000009e000000, 0x000000009e000000, 0x000000009e100000|  0%| F|  |TAMS 0x000000009e000000| PB 0x000000009e000000| Untracked |  0
|  427|0x000000009e100000, 0x000000009e100000, 0x000000009e200000|  0%| F|  |TAMS 0x000000009e100000| PB 0x000000009e100000| Untracked |  0
|  428|0x000000009e200000, 0x000000009e200000, 0x000000009e300000|  0%| F|  |TAMS 0x000000009e200000| PB 0x000000009e200000| Untracked |  0
|  429|0x000000009e300000, 0x000000009e300000, 0x000000009e400000|  0%| F|  |TAMS 0x000000009e300000| PB 0x000000009e300000| Untracked |  0
|  430|0x000000009e400000, 0x000000009e400000, 0x000000009e500000|  0%| F|  |TAMS 0x000000009e400000| PB 0x000000009e400000| Untracked |  0
|  431|0x000000009e500000, 0x000000009e500000, 0x000000009e600000|  0%| F|  |TAMS 0x000000009e500000| PB 0x000000009e500000| Untracked |  0
|  432|0x000000009e600000, 0x000000009e600000, 0x000000009e700000|  0%| F|  |TAMS 0x000000009e600000| PB 0x000000009e600000| Untracked |  0
|  433|0x000000009e700000, 0x000000009e700000, 0x000000009e800000|  0%| F|  |TAMS 0x000000009e700000| PB 0x000000009e700000| Untracked |  0
|  434|0x000000009e800000, 0x000000009e800000, 0x000000009e900000|  0%| F|  |TAMS 0x000000009e800000| PB 0x000000009e800000| Untracked |  0
|  435|0x000000009e900000, 0x000000009e900000, 0x000000009ea00000|  0%| F|  |TAMS 0x000000009e900000| PB 0x000000009e900000| Untracked |  0
|  436|0x000000009ea00000, 0x000000009ea00000, 0x000000009eb00000|  0%| F|  |TAMS 0x000000009ea00000| PB 0x000000009ea00000| Untracked |  0
|  437|0x000000009eb00000, 0x000000009eb00000, 0x000000009ec00000|  0%| F|  |TAMS 0x000000009eb00000| PB 0x000000009eb00000| Untracked |  0
|  438|0x000000009ec00000, 0x000000009ec00000, 0x000000009ed00000|  0%| F|  |TAMS 0x000000009ec00000| PB 0x000000009ec00000| Untracked |  0
|  439|0x000000009ed00000, 0x000000009ed00000, 0x000000009ee00000|  0%| F|  |TAMS 0x000000009ed00000| PB 0x000000009ed00000| Untracked |  0
|  440|0x000000009ee00000, 0x000000009ee00000, 0x000000009ef00000|  0%| F|  |TAMS 0x000000009ee00000| PB 0x000000009ee00000| Untracked |  0
|  441|0x000000009ef00000, 0x000000009ef00000, 0x000000009f000000|  0%| F|  |TAMS 0x000000009ef00000| PB 0x000000009ef00000| Untracked |  0
|  442|0x000000009f000000, 0x000000009f000000, 0x000000009f100000|  0%| F|  |TAMS 0x000000009f000000| PB 0x000000009f000000| Untracked |  0
|  443|0x000000009f100000, 0x000000009f100000, 0x000000009f200000|  0%| F|  |TAMS 0x000000009f100000| PB 0x000000009f100000| Untracked |  0
|  444|0x000000009f200000, 0x000000009f200000, 0x000000009f300000|  0%| F|  |TAMS 0x000000009f200000| PB 0x000000009f200000| Untracked |  0
|  445|0x000000009f300000, 0x000000009f300000, 0x000000009f400000|  0%| F|  |TAMS 0x000000009f300000| PB 0x000000009f300000| Untracked |  0
|  446|0x000000009f400000, 0x000000009f400000, 0x000000009f500000|  0%| F|  |TAMS 0x000000009f400000| PB 0x000000009f400000| Untracked |  0
|  447|0x000000009f500000, 0x000000009f500000, 0x000000009f600000|  0%| F|  |TAMS 0x000000009f500000| PB 0x000000009f500000| Untracked |  0
|  448|0x000000009f600000, 0x000000009f600000, 0x000000009f700000|  0%| F|  |TAMS 0x000000009f600000| PB 0x000000009f600000| Untracked |  0
|  449|0x000000009f700000, 0x000000009f700000, 0x000000009f800000|  0%| F|  |TAMS 0x000000009f700000| PB 0x000000009f700000| Untracked |  0
|  450|0x000000009f800000, 0x000000009f800000, 0x000000009f900000|  0%| F|  |TAMS 0x000000009f800000| PB 0x000000009f800000| Untracked |  0
|  451|0x000000009f900000, 0x000000009f900000, 0x000000009fa00000|  0%| F|  |TAMS 0x000000009f900000| PB 0x000000009f900000| Untracked |  0
|  452|0x000000009fa00000, 0x000000009fa00000, 0x000000009fb00000|  0%| F|  |TAMS 0x000000009fa00000| PB 0x000000009fa00000| Untracked |  0
|  453|0x000000009fb00000, 0x000000009fb00000, 0x000000009fc00000|  0%| F|  |TAMS 0x000000009fb00000| PB 0x000000009fb00000| Untracked |  0
|  454|0x000000009fc00000, 0x000000009fc00000, 0x000000009fd00000|  0%| F|  |TAMS 0x000000009fc00000| PB 0x000000009fc00000| Untracked |  0
|  455|0x000000009fd00000, 0x000000009fd00000, 0x000000009fe00000|  0%| F|  |TAMS 0x000000009fd00000| PB 0x000000009fd00000| Untracked |  0
|  456|0x000000009fe00000, 0x000000009fe00000, 0x000000009ff00000|  0%| F|  |TAMS 0x000000009fe00000| PB 0x000000009fe00000| Untracked |  0
|  457|0x000000009ff00000, 0x000000009ff00000, 0x00000000a0000000|  0%| F|  |TAMS 0x000000009ff00000| PB 0x000000009ff00000| Untracked |  0
|  458|0x00000000a0000000, 0x00000000a0000000, 0x00000000a0100000|  0%| F|  |TAMS 0x00000000a0000000| PB 0x00000000a0000000| Untracked |  0
|  459|0x00000000a0100000, 0x00000000a0100000, 0x00000000a0200000|  0%| F|  |TAMS 0x00000000a0100000| PB 0x00000000a0100000| Untracked |  0
|  460|0x00000000a0200000, 0x00000000a0200000, 0x00000000a0300000|  0%| F|  |TAMS 0x00000000a0200000| PB 0x00000000a0200000| Untracked |  0
|  461|0x00000000a0300000, 0x00000000a0300000, 0x00000000a0400000|  0%| F|  |TAMS 0x00000000a0300000| PB 0x00000000a0300000| Untracked |  0
|  462|0x00000000a0400000, 0x00000000a0400000, 0x00000000a0500000|  0%| F|  |TAMS 0x00000000a0400000| PB 0x00000000a0400000| Untracked |  0
|  463|0x00000000a0500000, 0x00000000a0500000, 0x00000000a0600000|  0%| F|  |TAMS 0x00000000a0500000| PB 0x00000000a0500000| Untracked |  0
|  464|0x00000000a0600000, 0x00000000a0600000, 0x00000000a0700000|  0%| F|  |TAMS 0x00000000a0600000| PB 0x00000000a0600000| Untracked |  0
|  465|0x00000000a0700000, 0x00000000a0700000, 0x00000000a0800000|  0%| F|  |TAMS 0x00000000a0700000| PB 0x00000000a0700000| Untracked |  0
|  466|0x00000000a0800000, 0x00000000a0800000, 0x00000000a0900000|  0%| F|  |TAMS 0x00000000a0800000| PB 0x00000000a0800000| Untracked |  0
|  467|0x00000000a0900000, 0x00000000a0900000, 0x00000000a0a00000|  0%| F|  |TAMS 0x00000000a0900000| PB 0x00000000a0900000| Untracked |  0
|  468|0x00000000a0a00000, 0x00000000a0a00000, 0x00000000a0b00000|  0%| F|  |TAMS 0x00000000a0a00000| PB 0x00000000a0a00000| Untracked |  0
|  469|0x00000000a0b00000, 0x00000000a0b00000, 0x00000000a0c00000|  0%| F|  |TAMS 0x00000000a0b00000| PB 0x00000000a0b00000| Untracked |  0
|  470|0x00000000a0c00000, 0x00000000a0c00000, 0x00000000a0d00000|  0%| F|  |TAMS 0x00000000a0c00000| PB 0x00000000a0c00000| Untracked |  0
|  471|0x00000000a0d00000, 0x00000000a0d00000, 0x00000000a0e00000|  0%| F|  |TAMS 0x00000000a0d00000| PB 0x00000000a0d00000| Untracked |  0
|  472|0x00000000a0e00000, 0x00000000a0e00000, 0x00000000a0f00000|  0%| F|  |TAMS 0x00000000a0e00000| PB 0x00000000a0e00000| Untracked |  0
|  473|0x00000000a0f00000, 0x00000000a0f00000, 0x00000000a1000000|  0%| F|  |TAMS 0x00000000a0f00000| PB 0x00000000a0f00000| Untracked |  0
|  474|0x00000000a1000000, 0x00000000a1000000, 0x00000000a1100000|  0%| F|  |TAMS 0x00000000a1000000| PB 0x00000000a1000000| Untracked |  0
|  475|0x00000000a1100000, 0x00000000a1100000, 0x00000000a1200000|  0%| F|  |TAMS 0x00000000a1100000| PB 0x00000000a1100000| Untracked |  0
|  476|0x00000000a1200000, 0x00000000a1200000, 0x00000000a1300000|  0%| F|  |TAMS 0x00000000a1200000| PB 0x00000000a1200000| Untracked |  0
|  477|0x00000000a1300000, 0x00000000a1300000, 0x00000000a1400000|  0%| F|  |TAMS 0x00000000a1300000| PB 0x00000000a1300000| Untracked |  0
|  478|0x00000000a1400000, 0x00000000a1400000, 0x00000000a1500000|  0%| F|  |TAMS 0x00000000a1400000| PB 0x00000000a1400000| Untracked |  0
|  479|0x00000000a1500000, 0x00000000a1500000, 0x00000000a1600000|  0%| F|  |TAMS 0x00000000a1500000| PB 0x00000000a1500000| Untracked |  0
|  480|0x00000000a1600000, 0x00000000a1600000, 0x00000000a1700000|  0%| F|  |TAMS 0x00000000a1600000| PB 0x00000000a1600000| Untracked |  0
|  481|0x00000000a1700000, 0x00000000a1700000, 0x00000000a1800000|  0%| F|  |TAMS 0x00000000a1700000| PB 0x00000000a1700000| Untracked |  0
|  482|0x00000000a1800000, 0x00000000a1800000, 0x00000000a1900000|  0%| F|  |TAMS 0x00000000a1800000| PB 0x00000000a1800000| Untracked |  0
|  483|0x00000000a1900000, 0x00000000a1900000, 0x00000000a1a00000|  0%| F|  |TAMS 0x00000000a1900000| PB 0x00000000a1900000| Untracked |  0
|  484|0x00000000a1a00000, 0x00000000a1a00000, 0x00000000a1b00000|  0%| F|  |TAMS 0x00000000a1a00000| PB 0x00000000a1a00000| Untracked |  0
|  485|0x00000000a1b00000, 0x00000000a1b00000, 0x00000000a1c00000|  0%| F|  |TAMS 0x00000000a1b00000| PB 0x00000000a1b00000| Untracked |  0
|  486|0x00000000a1c00000, 0x00000000a1c00000, 0x00000000a1d00000|  0%| F|  |TAMS 0x00000000a1c00000| PB 0x00000000a1c00000| Untracked |  0
|  487|0x00000000a1d00000, 0x00000000a1d00000, 0x00000000a1e00000|  0%| F|  |TAMS 0x00000000a1d00000| PB 0x00000000a1d00000| Untracked |  0
|  488|0x00000000a1e00000, 0x00000000a1e00000, 0x00000000a1f00000|  0%| F|  |TAMS 0x00000000a1e00000| PB 0x00000000a1e00000| Untracked |  0
|  489|0x00000000a1f00000, 0x00000000a1f00000, 0x00000000a2000000|  0%| F|  |TAMS 0x00000000a1f00000| PB 0x00000000a1f00000| Untracked |  0
|  490|0x00000000a2000000, 0x00000000a2000000, 0x00000000a2100000|  0%| F|  |TAMS 0x00000000a2000000| PB 0x00000000a2000000| Untracked |  0
|  491|0x00000000a2100000, 0x00000000a2100000, 0x00000000a2200000|  0%| F|  |TAMS 0x00000000a2100000| PB 0x00000000a2100000| Untracked |  0
|  492|0x00000000a2200000, 0x00000000a2200000, 0x00000000a2300000|  0%| F|  |TAMS 0x00000000a2200000| PB 0x00000000a2200000| Untracked |  0
|  493|0x00000000a2300000, 0x00000000a2400000, 0x00000000a2400000|100%| E|CS|TAMS 0x00000000a2300000| PB 0x00000000a2300000| Complete  |  0
|  494|0x00000000a2400000, 0x00000000a2500000, 0x00000000a2500000|100%| E|CS|TAMS 0x00000000a2400000| PB 0x00000000a2400000| Complete  |  0
|  495|0x00000000a2500000, 0x00000000a2600000, 0x00000000a2600000|100%| E|CS|TAMS 0x00000000a2500000| PB 0x00000000a2500000| Complete  |  0
|  496|0x00000000a2600000, 0x00000000a2700000, 0x00000000a2700000|100%| E|CS|TAMS 0x00000000a2600000| PB 0x00000000a2600000| Complete  |  0
|  497|0x00000000a2700000, 0x00000000a2800000, 0x00000000a2800000|100%| E|CS|TAMS 0x00000000a2700000| PB 0x00000000a2700000| Complete  |  0
|  498|0x00000000a2800000, 0x00000000a2900000, 0x00000000a2900000|100%| E|CS|TAMS 0x00000000a2800000| PB 0x00000000a2800000| Complete  |  0
|  499|0x00000000a2900000, 0x00000000a2a00000, 0x00000000a2a00000|100%| E|CS|TAMS 0x00000000a2900000| PB 0x00000000a2900000| Complete  |  0
|  500|0x00000000a2a00000, 0x00000000a2b00000, 0x00000000a2b00000|100%| E|CS|TAMS 0x00000000a2a00000| PB 0x00000000a2a00000| Complete  |  0
|  501|0x00000000a2b00000, 0x00000000a2c00000, 0x00000000a2c00000|100%| E|CS|TAMS 0x00000000a2b00000| PB 0x00000000a2b00000| Complete  |  0
|  502|0x00000000a2c00000, 0x00000000a2d00000, 0x00000000a2d00000|100%| E|CS|TAMS 0x00000000a2c00000| PB 0x00000000a2c00000| Complete  |  0
|  503|0x00000000a2d00000, 0x00000000a2e00000, 0x00000000a2e00000|100%| E|CS|TAMS 0x00000000a2d00000| PB 0x00000000a2d00000| Complete  |  0
|  504|0x00000000a2e00000, 0x00000000a2f00000, 0x00000000a2f00000|100%| E|CS|TAMS 0x00000000a2e00000| PB 0x00000000a2e00000| Complete  |  0
|  505|0x00000000a2f00000, 0x00000000a3000000, 0x00000000a3000000|100%| E|CS|TAMS 0x00000000a2f00000| PB 0x00000000a2f00000| Complete  |  0
|  506|0x00000000a3000000, 0x00000000a3100000, 0x00000000a3100000|100%| E|CS|TAMS 0x00000000a3000000| PB 0x00000000a3000000| Complete  |  0
|  507|0x00000000a3100000, 0x00000000a3200000, 0x00000000a3200000|100%| E|CS|TAMS 0x00000000a3100000| PB 0x00000000a3100000| Complete  |  0
|  508|0x00000000a3200000, 0x00000000a3300000, 0x00000000a3300000|100%| E|CS|TAMS 0x00000000a3200000| PB 0x00000000a3200000| Complete  |  0
|  509|0x00000000a3300000, 0x00000000a3400000, 0x00000000a3400000|100%| E|CS|TAMS 0x00000000a3300000| PB 0x00000000a3300000| Complete  |  0
|  510|0x00000000a3400000, 0x00000000a3500000, 0x00000000a3500000|100%| E|CS|TAMS 0x00000000a3400000| PB 0x00000000a3400000| Complete  |  0
|  511|0x00000000a3500000, 0x00000000a3600000, 0x00000000a3600000|100%| E|CS|TAMS 0x00000000a3500000| PB 0x00000000a3500000| Complete  |  0
|  512|0x00000000a3600000, 0x00000000a3700000, 0x00000000a3700000|100%| E|CS|TAMS 0x00000000a3600000| PB 0x00000000a3600000| Complete  |  0
|  513|0x00000000a3700000, 0x00000000a3800000, 0x00000000a3800000|100%| E|CS|TAMS 0x00000000a3700000| PB 0x00000000a3700000| Complete  |  0
|  514|0x00000000a3800000, 0x00000000a3900000, 0x00000000a3900000|100%| E|CS|TAMS 0x00000000a3800000| PB 0x00000000a3800000| Complete  |  0
|  515|0x00000000a3900000, 0x00000000a3a00000, 0x00000000a3a00000|100%| E|CS|TAMS 0x00000000a3900000| PB 0x00000000a3900000| Complete  |  0
|  516|0x00000000a3a00000, 0x00000000a3b00000, 0x00000000a3b00000|100%| E|CS|TAMS 0x00000000a3a00000| PB 0x00000000a3a00000| Complete  |  0
|  517|0x00000000a3b00000, 0x00000000a3c00000, 0x00000000a3c00000|100%| E|CS|TAMS 0x00000000a3b00000| PB 0x00000000a3b00000| Complete  |  0
|  518|0x00000000a3c00000, 0x00000000a3d00000, 0x00000000a3d00000|100%| E|CS|TAMS 0x00000000a3c00000| PB 0x00000000a3c00000| Complete  |  0
|  519|0x00000000a3d00000, 0x00000000a3e00000, 0x00000000a3e00000|100%| E|CS|TAMS 0x00000000a3d00000| PB 0x00000000a3d00000| Complete  |  0
|  520|0x00000000a3e00000, 0x00000000a3f00000, 0x00000000a3f00000|100%| E|CS|TAMS 0x00000000a3e00000| PB 0x00000000a3e00000| Complete  |  0
|  521|0x00000000a3f00000, 0x00000000a4000000, 0x00000000a4000000|100%| E|CS|TAMS 0x00000000a3f00000| PB 0x00000000a3f00000| Complete  |  0
|  522|0x00000000a4000000, 0x00000000a4100000, 0x00000000a4100000|100%| E|CS|TAMS 0x00000000a4000000| PB 0x00000000a4000000| Complete  |  0
|  523|0x00000000a4100000, 0x00000000a4200000, 0x00000000a4200000|100%| E|CS|TAMS 0x00000000a4100000| PB 0x00000000a4100000| Complete  |  0
|  524|0x00000000a4200000, 0x00000000a4300000, 0x00000000a4300000|100%| E|CS|TAMS 0x00000000a4200000| PB 0x00000000a4200000| Complete  |  0
|  525|0x00000000a4300000, 0x00000000a4400000, 0x00000000a4400000|100%| E|CS|TAMS 0x00000000a4300000| PB 0x00000000a4300000| Complete  |  0
|  526|0x00000000a4400000, 0x00000000a4500000, 0x00000000a4500000|100%| E|CS|TAMS 0x00000000a4400000| PB 0x00000000a4400000| Complete  |  0
|  527|0x00000000a4500000, 0x00000000a4600000, 0x00000000a4600000|100%| E|CS|TAMS 0x00000000a4500000| PB 0x00000000a4500000| Complete  |  0
|  528|0x00000000a4600000, 0x00000000a4700000, 0x00000000a4700000|100%| E|CS|TAMS 0x00000000a4600000| PB 0x00000000a4600000| Complete  |  0
|  529|0x00000000a4700000, 0x00000000a4800000, 0x00000000a4800000|100%| E|CS|TAMS 0x00000000a4700000| PB 0x00000000a4700000| Complete  |  0
|  530|0x00000000a4800000, 0x00000000a4900000, 0x00000000a4900000|100%| E|CS|TAMS 0x00000000a4800000| PB 0x00000000a4800000| Complete  |  0
|  531|0x00000000a4900000, 0x00000000a4a00000, 0x00000000a4a00000|100%| E|CS|TAMS 0x00000000a4900000| PB 0x00000000a4900000| Complete  |  0
|  532|0x00000000a4a00000, 0x00000000a4b00000, 0x00000000a4b00000|100%| E|CS|TAMS 0x00000000a4a00000| PB 0x00000000a4a00000| Complete  |  0
|  533|0x00000000a4b00000, 0x00000000a4c00000, 0x00000000a4c00000|100%| E|CS|TAMS 0x00000000a4b00000| PB 0x00000000a4b00000| Complete  |  0
|  534|0x00000000a4c00000, 0x00000000a4d00000, 0x00000000a4d00000|100%| E|CS|TAMS 0x00000000a4c00000| PB 0x00000000a4c00000| Complete  |  0
|  535|0x00000000a4d00000, 0x00000000a4e00000, 0x00000000a4e00000|100%| E|CS|TAMS 0x00000000a4d00000| PB 0x00000000a4d00000| Complete  |  0
|  536|0x00000000a4e00000, 0x00000000a4f00000, 0x00000000a4f00000|100%| E|CS|TAMS 0x00000000a4e00000| PB 0x00000000a4e00000| Complete  |  0
|  537|0x00000000a4f00000, 0x00000000a5000000, 0x00000000a5000000|100%| E|CS|TAMS 0x00000000a4f00000| PB 0x00000000a4f00000| Complete  |  0
|  538|0x00000000a5000000, 0x00000000a5100000, 0x00000000a5100000|100%| E|CS|TAMS 0x00000000a5000000| PB 0x00000000a5000000| Complete  |  0
|  539|0x00000000a5100000, 0x00000000a5200000, 0x00000000a5200000|100%| E|CS|TAMS 0x00000000a5100000| PB 0x00000000a5100000| Complete  |  0
|  540|0x00000000a5200000, 0x00000000a5300000, 0x00000000a5300000|100%| E|CS|TAMS 0x00000000a5200000| PB 0x00000000a5200000| Complete  |  0
|  541|0x00000000a5300000, 0x00000000a5400000, 0x00000000a5400000|100%| E|CS|TAMS 0x00000000a5300000| PB 0x00000000a5300000| Complete  |  0
|  542|0x00000000a5400000, 0x00000000a5500000, 0x00000000a5500000|100%| E|CS|TAMS 0x00000000a5400000| PB 0x00000000a5400000| Complete  |  0
|  543|0x00000000a5500000, 0x00000000a5600000, 0x00000000a5600000|100%| E|CS|TAMS 0x00000000a5500000| PB 0x00000000a5500000| Complete  |  0
|  544|0x00000000a5600000, 0x00000000a5700000, 0x00000000a5700000|100%| E|CS|TAMS 0x00000000a5600000| PB 0x00000000a5600000| Complete  |  0
|  545|0x00000000a5700000, 0x00000000a5800000, 0x00000000a5800000|100%| E|CS|TAMS 0x00000000a5700000| PB 0x00000000a5700000| Complete  |  0
|  546|0x00000000a5800000, 0x00000000a5900000, 0x00000000a5900000|100%| E|CS|TAMS 0x00000000a5800000| PB 0x00000000a5800000| Complete  |  0
|  547|0x00000000a5900000, 0x00000000a5a00000, 0x00000000a5a00000|100%| E|CS|TAMS 0x00000000a5900000| PB 0x00000000a5900000| Complete  |  0
|  548|0x00000000a5a00000, 0x00000000a5b00000, 0x00000000a5b00000|100%| E|CS|TAMS 0x00000000a5a00000| PB 0x00000000a5a00000| Complete  |  0
|  549|0x00000000a5b00000, 0x00000000a5c00000, 0x00000000a5c00000|100%| E|CS|TAMS 0x00000000a5b00000| PB 0x00000000a5b00000| Complete  |  0
|  550|0x00000000a5c00000, 0x00000000a5d00000, 0x00000000a5d00000|100%| E|CS|TAMS 0x00000000a5c00000| PB 0x00000000a5c00000| Complete  |  0
|  551|0x00000000a5d00000, 0x00000000a5e00000, 0x00000000a5e00000|100%| E|CS|TAMS 0x00000000a5d00000| PB 0x00000000a5d00000| Complete  |  0
|  552|0x00000000a5e00000, 0x00000000a5f00000, 0x00000000a5f00000|100%| E|CS|TAMS 0x00000000a5e00000| PB 0x00000000a5e00000| Complete  |  0
|  553|0x00000000a5f00000, 0x00000000a6000000, 0x00000000a6000000|100%| E|CS|TAMS 0x00000000a5f00000| PB 0x00000000a5f00000| Complete  |  0
|  554|0x00000000a6000000, 0x00000000a6100000, 0x00000000a6100000|100%| E|CS|TAMS 0x00000000a6000000| PB 0x00000000a6000000| Complete  |  0
|  555|0x00000000a6100000, 0x00000000a6200000, 0x00000000a6200000|100%| E|CS|TAMS 0x00000000a6100000| PB 0x00000000a6100000| Complete  |  0
|  556|0x00000000a6200000, 0x00000000a6300000, 0x00000000a6300000|100%| E|CS|TAMS 0x00000000a6200000| PB 0x00000000a6200000| Complete  |  0
|  557|0x00000000a6300000, 0x00000000a6400000, 0x00000000a6400000|100%| E|CS|TAMS 0x00000000a6300000| PB 0x00000000a6300000| Complete  |  0
|  558|0x00000000a6400000, 0x00000000a6500000, 0x00000000a6500000|100%| E|CS|TAMS 0x00000000a6400000| PB 0x00000000a6400000| Complete  |  0
|  559|0x00000000a6500000, 0x00000000a6600000, 0x00000000a6600000|100%| E|CS|TAMS 0x00000000a6500000| PB 0x00000000a6500000| Complete  |  0
|  560|0x00000000a6600000, 0x00000000a6700000, 0x00000000a6700000|100%| E|CS|TAMS 0x00000000a6600000| PB 0x00000000a6600000| Complete  |  0
|  561|0x00000000a6700000, 0x00000000a6800000, 0x00000000a6800000|100%| E|CS|TAMS 0x00000000a6700000| PB 0x00000000a6700000| Complete  |  0
|  562|0x00000000a6800000, 0x00000000a6900000, 0x00000000a6900000|100%| E|CS|TAMS 0x00000000a6800000| PB 0x00000000a6800000| Complete  |  0
|  563|0x00000000a6900000, 0x00000000a6a00000, 0x00000000a6a00000|100%| E|CS|TAMS 0x00000000a6900000| PB 0x00000000a6900000| Complete  |  0
|  564|0x00000000a6a00000, 0x00000000a6b00000, 0x00000000a6b00000|100%| E|CS|TAMS 0x00000000a6a00000| PB 0x00000000a6a00000| Complete  |  0
|  565|0x00000000a6b00000, 0x00000000a6c00000, 0x00000000a6c00000|100%| E|CS|TAMS 0x00000000a6b00000| PB 0x00000000a6b00000| Complete  |  0
|  566|0x00000000a6c00000, 0x00000000a6d00000, 0x00000000a6d00000|100%| E|CS|TAMS 0x00000000a6c00000| PB 0x00000000a6c00000| Complete  |  0
|  567|0x00000000a6d00000, 0x00000000a6e00000, 0x00000000a6e00000|100%| E|CS|TAMS 0x00000000a6d00000| PB 0x00000000a6d00000| Complete  |  0
|  568|0x00000000a6e00000, 0x00000000a6f00000, 0x00000000a6f00000|100%| E|CS|TAMS 0x00000000a6e00000| PB 0x00000000a6e00000| Complete  |  0
|  569|0x00000000a6f00000, 0x00000000a7000000, 0x00000000a7000000|100%| E|CS|TAMS 0x00000000a6f00000| PB 0x00000000a6f00000| Complete  |  0
|  570|0x00000000a7000000, 0x00000000a7100000, 0x00000000a7100000|100%| E|CS|TAMS 0x00000000a7000000| PB 0x00000000a7000000| Complete  |  0
|  571|0x00000000a7100000, 0x00000000a7200000, 0x00000000a7200000|100%| E|CS|TAMS 0x00000000a7100000| PB 0x00000000a7100000| Complete  |  0
|  572|0x00000000a7200000, 0x00000000a7300000, 0x00000000a7300000|100%| E|CS|TAMS 0x00000000a7200000| PB 0x00000000a7200000| Complete  |  0
|  573|0x00000000a7300000, 0x00000000a7400000, 0x00000000a7400000|100%| E|CS|TAMS 0x00000000a7300000| PB 0x00000000a7300000| Complete  |  0
|  574|0x00000000a7400000, 0x00000000a7500000, 0x00000000a7500000|100%| E|CS|TAMS 0x00000000a7400000| PB 0x00000000a7400000| Complete  |  0
|  575|0x00000000a7500000, 0x00000000a7600000, 0x00000000a7600000|100%| E|CS|TAMS 0x00000000a7500000| PB 0x00000000a7500000| Complete  |  0
|  576|0x00000000a7600000, 0x00000000a7700000, 0x00000000a7700000|100%| E|CS|TAMS 0x00000000a7600000| PB 0x00000000a7600000| Complete  |  0
|  577|0x00000000a7700000, 0x00000000a7800000, 0x00000000a7800000|100%| E|CS|TAMS 0x00000000a7700000| PB 0x00000000a7700000| Complete  |  0
|  578|0x00000000a7800000, 0x00000000a7900000, 0x00000000a7900000|100%| E|CS|TAMS 0x00000000a7800000| PB 0x00000000a7800000| Complete  |  0
|  579|0x00000000a7900000, 0x00000000a7a00000, 0x00000000a7a00000|100%| E|CS|TAMS 0x00000000a7900000| PB 0x00000000a7900000| Complete  |  0
|  580|0x00000000a7a00000, 0x00000000a7b00000, 0x00000000a7b00000|100%| E|CS|TAMS 0x00000000a7a00000| PB 0x00000000a7a00000| Complete  |  0
|  581|0x00000000a7b00000, 0x00000000a7c00000, 0x00000000a7c00000|100%| E|CS|TAMS 0x00000000a7b00000| PB 0x00000000a7b00000| Complete  |  0
|  582|0x00000000a7c00000, 0x00000000a7d00000, 0x00000000a7d00000|100%| E|CS|TAMS 0x00000000a7c00000| PB 0x00000000a7c00000| Complete  |  0
|  583|0x00000000a7d00000, 0x00000000a7e00000, 0x00000000a7e00000|100%| E|CS|TAMS 0x00000000a7d00000| PB 0x00000000a7d00000| Complete  |  0
|  584|0x00000000a7e00000, 0x00000000a7f00000, 0x00000000a7f00000|100%| E|CS|TAMS 0x00000000a7e00000| PB 0x00000000a7e00000| Complete  |  0
|  585|0x00000000a7f00000, 0x00000000a8000000, 0x00000000a8000000|100%| E|CS|TAMS 0x00000000a7f00000| PB 0x00000000a7f00000| Complete  |  0
|  586|0x00000000a8000000, 0x00000000a8100000, 0x00000000a8100000|100%| E|CS|TAMS 0x00000000a8000000| PB 0x00000000a8000000| Complete  |  0
|  587|0x00000000a8100000, 0x00000000a8200000, 0x00000000a8200000|100%| E|CS|TAMS 0x00000000a8100000| PB 0x00000000a8100000| Complete  |  0
|  588|0x00000000a8200000, 0x00000000a8300000, 0x00000000a8300000|100%| E|CS|TAMS 0x00000000a8200000| PB 0x00000000a8200000| Complete  |  0
|  589|0x00000000a8300000, 0x00000000a8400000, 0x00000000a8400000|100%| E|CS|TAMS 0x00000000a8300000| PB 0x00000000a8300000| Complete  |  0
|  590|0x00000000a8400000, 0x00000000a8500000, 0x00000000a8500000|100%| E|CS|TAMS 0x00000000a8400000| PB 0x00000000a8400000| Complete  |  0
|  591|0x00000000a8500000, 0x00000000a8600000, 0x00000000a8600000|100%| E|CS|TAMS 0x00000000a8500000| PB 0x00000000a8500000| Complete  |  0
|  592|0x00000000a8600000, 0x00000000a8700000, 0x00000000a8700000|100%| E|CS|TAMS 0x00000000a8600000| PB 0x00000000a8600000| Complete  |  0
|  593|0x00000000a8700000, 0x00000000a8800000, 0x00000000a8800000|100%| E|CS|TAMS 0x00000000a8700000| PB 0x00000000a8700000| Complete  |  0
|  594|0x00000000a8800000, 0x00000000a8900000, 0x00000000a8900000|100%| E|CS|TAMS 0x00000000a8800000| PB 0x00000000a8800000| Complete  |  0
|  595|0x00000000a8900000, 0x00000000a8a00000, 0x00000000a8a00000|100%| E|CS|TAMS 0x00000000a8900000| PB 0x00000000a8900000| Complete  |  0
|  596|0x00000000a8a00000, 0x00000000a8b00000, 0x00000000a8b00000|100%| E|CS|TAMS 0x00000000a8a00000| PB 0x00000000a8a00000| Complete  |  0
|  597|0x00000000a8b00000, 0x00000000a8c00000, 0x00000000a8c00000|100%| E|CS|TAMS 0x00000000a8b00000| PB 0x00000000a8b00000| Complete  |  0
|  598|0x00000000a8c00000, 0x00000000a8d00000, 0x00000000a8d00000|100%| E|CS|TAMS 0x00000000a8c00000| PB 0x00000000a8c00000| Complete  |  0
|  599|0x00000000a8d00000, 0x00000000a8e00000, 0x00000000a8e00000|100%| E|CS|TAMS 0x00000000a8d00000| PB 0x00000000a8d00000| Complete  |  0
|  600|0x00000000a8e00000, 0x00000000a8f00000, 0x00000000a8f00000|100%| E|CS|TAMS 0x00000000a8e00000| PB 0x00000000a8e00000| Complete  |  0
|  601|0x00000000a8f00000, 0x00000000a9000000, 0x00000000a9000000|100%| E|CS|TAMS 0x00000000a8f00000| PB 0x00000000a8f00000| Complete  |  0
|  602|0x00000000a9000000, 0x00000000a9100000, 0x00000000a9100000|100%| E|CS|TAMS 0x00000000a9000000| PB 0x00000000a9000000| Complete  |  0
|  603|0x00000000a9100000, 0x00000000a9200000, 0x00000000a9200000|100%| E|CS|TAMS 0x00000000a9100000| PB 0x00000000a9100000| Complete  |  0
|  604|0x00000000a9200000, 0x00000000a9300000, 0x00000000a9300000|100%| E|CS|TAMS 0x00000000a9200000| PB 0x00000000a9200000| Complete  |  0
|  605|0x00000000a9300000, 0x00000000a9400000, 0x00000000a9400000|100%| E|CS|TAMS 0x00000000a9300000| PB 0x00000000a9300000| Complete  |  0
|  606|0x00000000a9400000, 0x00000000a9500000, 0x00000000a9500000|100%| E|CS|TAMS 0x00000000a9400000| PB 0x00000000a9400000| Complete  |  0
|  607|0x00000000a9500000, 0x00000000a9600000, 0x00000000a9600000|100%| E|CS|TAMS 0x00000000a9500000| PB 0x00000000a9500000| Complete  |  0
|  608|0x00000000a9600000, 0x00000000a9700000, 0x00000000a9700000|100%| E|CS|TAMS 0x00000000a9600000| PB 0x00000000a9600000| Complete  |  0
|  609|0x00000000a9700000, 0x00000000a9800000, 0x00000000a9800000|100%| E|CS|TAMS 0x00000000a9700000| PB 0x00000000a9700000| Complete  |  0
|  610|0x00000000a9800000, 0x00000000a9900000, 0x00000000a9900000|100%| E|CS|TAMS 0x00000000a9800000| PB 0x00000000a9800000| Complete  |  0
|  611|0x00000000a9900000, 0x00000000a9a00000, 0x00000000a9a00000|100%| E|CS|TAMS 0x00000000a9900000| PB 0x00000000a9900000| Complete  |  0
|  612|0x00000000a9a00000, 0x00000000a9b00000, 0x00000000a9b00000|100%| E|CS|TAMS 0x00000000a9a00000| PB 0x00000000a9a00000| Complete  |  0
|  613|0x00000000a9b00000, 0x00000000a9c00000, 0x00000000a9c00000|100%| E|CS|TAMS 0x00000000a9b00000| PB 0x00000000a9b00000| Complete  |  0
|  614|0x00000000a9c00000, 0x00000000a9d00000, 0x00000000a9d00000|100%| E|CS|TAMS 0x00000000a9c00000| PB 0x00000000a9c00000| Complete  |  0
|  615|0x00000000a9d00000, 0x00000000a9e00000, 0x00000000a9e00000|100%| E|CS|TAMS 0x00000000a9d00000| PB 0x00000000a9d00000| Complete  |  0
|  616|0x00000000a9e00000, 0x00000000a9f00000, 0x00000000a9f00000|100%| E|CS|TAMS 0x00000000a9e00000| PB 0x00000000a9e00000| Complete  |  0
|  617|0x00000000a9f00000, 0x00000000aa000000, 0x00000000aa000000|100%| E|CS|TAMS 0x00000000a9f00000| PB 0x00000000a9f00000| Complete  |  0
|  618|0x00000000aa000000, 0x00000000aa100000, 0x00000000aa100000|100%| E|CS|TAMS 0x00000000aa000000| PB 0x00000000aa000000| Complete  |  0
|  619|0x00000000aa100000, 0x00000000aa200000, 0x00000000aa200000|100%| E|CS|TAMS 0x00000000aa100000| PB 0x00000000aa100000| Complete  |  0
|  620|0x00000000aa200000, 0x00000000aa300000, 0x00000000aa300000|100%| E|CS|TAMS 0x00000000aa200000| PB 0x00000000aa200000| Complete  |  0
|  621|0x00000000aa300000, 0x00000000aa400000, 0x00000000aa400000|100%| E|CS|TAMS 0x00000000aa300000| PB 0x00000000aa300000| Complete  |  0
|  622|0x00000000aa400000, 0x00000000aa500000, 0x00000000aa500000|100%| E|CS|TAMS 0x00000000aa400000| PB 0x00000000aa400000| Complete  |  0
|  623|0x00000000aa500000, 0x00000000aa600000, 0x00000000aa600000|100%| E|CS|TAMS 0x00000000aa500000| PB 0x00000000aa500000| Complete  |  0
|  624|0x00000000aa600000, 0x00000000aa700000, 0x00000000aa700000|100%| E|CS|TAMS 0x00000000aa600000| PB 0x00000000aa600000| Complete  |  0
|  625|0x00000000aa700000, 0x00000000aa800000, 0x00000000aa800000|100%| E|CS|TAMS 0x00000000aa700000| PB 0x00000000aa700000| Complete  |  0
|  626|0x00000000aa800000, 0x00000000aa900000, 0x00000000aa900000|100%| E|CS|TAMS 0x00000000aa800000| PB 0x00000000aa800000| Complete  |  0
|  627|0x00000000aa900000, 0x00000000aaa00000, 0x00000000aaa00000|100%| E|CS|TAMS 0x00000000aa900000| PB 0x00000000aa900000| Complete  |  0
|  628|0x00000000aaa00000, 0x00000000aab00000, 0x00000000aab00000|100%| E|CS|TAMS 0x00000000aaa00000| PB 0x00000000aaa00000| Complete  |  0
|  629|0x00000000aab00000, 0x00000000aac00000, 0x00000000aac00000|100%| E|CS|TAMS 0x00000000aab00000| PB 0x00000000aab00000| Complete  |  0
|  630|0x00000000aac00000, 0x00000000aad00000, 0x00000000aad00000|100%| E|CS|TAMS 0x00000000aac00000| PB 0x00000000aac00000| Complete  |  0
|  631|0x00000000aad00000, 0x00000000aae00000, 0x00000000aae00000|100%| E|CS|TAMS 0x00000000aad00000| PB 0x00000000aad00000| Complete  |  0
|  632|0x00000000aae00000, 0x00000000aaf00000, 0x00000000aaf00000|100%| E|CS|TAMS 0x00000000aae00000| PB 0x00000000aae00000| Complete  |  0
|  633|0x00000000aaf00000, 0x00000000ab000000, 0x00000000ab000000|100%| E|CS|TAMS 0x00000000aaf00000| PB 0x00000000aaf00000| Complete  |  0
|  634|0x00000000ab000000, 0x00000000ab100000, 0x00000000ab100000|100%| E|CS|TAMS 0x00000000ab000000| PB 0x00000000ab000000| Complete  |  0
|  635|0x00000000ab100000, 0x00000000ab200000, 0x00000000ab200000|100%| E|CS|TAMS 0x00000000ab100000| PB 0x00000000ab100000| Complete  |  0
|  636|0x00000000ab200000, 0x00000000ab300000, 0x00000000ab300000|100%| E|CS|TAMS 0x00000000ab200000| PB 0x00000000ab200000| Complete  |  0
|  637|0x00000000ab300000, 0x00000000ab400000, 0x00000000ab400000|100%| E|CS|TAMS 0x00000000ab300000| PB 0x00000000ab300000| Complete  |  0
|  638|0x00000000ab400000, 0x00000000ab500000, 0x00000000ab500000|100%| E|CS|TAMS 0x00000000ab400000| PB 0x00000000ab400000| Complete  |  0
|  639|0x00000000ab500000, 0x00000000ab600000, 0x00000000ab600000|100%| E|CS|TAMS 0x00000000ab500000| PB 0x00000000ab500000| Complete  |  0
|  640|0x00000000ab600000, 0x00000000ab700000, 0x00000000ab700000|100%| E|CS|TAMS 0x00000000ab600000| PB 0x00000000ab600000| Complete  |  0
|  641|0x00000000ab700000, 0x00000000ab800000, 0x00000000ab800000|100%| E|CS|TAMS 0x00000000ab700000| PB 0x00000000ab700000| Complete  |  0
|  642|0x00000000ab800000, 0x00000000ab900000, 0x00000000ab900000|100%| E|CS|TAMS 0x00000000ab800000| PB 0x00000000ab800000| Complete  |  0
|  643|0x00000000ab900000, 0x00000000aba00000, 0x00000000aba00000|100%| E|CS|TAMS 0x00000000ab900000| PB 0x00000000ab900000| Complete  |  0
|  644|0x00000000aba00000, 0x00000000abb00000, 0x00000000abb00000|100%| E|CS|TAMS 0x00000000aba00000| PB 0x00000000aba00000| Complete  |  0
|  645|0x00000000abb00000, 0x00000000abc00000, 0x00000000abc00000|100%| E|CS|TAMS 0x00000000abb00000| PB 0x00000000abb00000| Complete  |  0
|  646|0x00000000abc00000, 0x00000000abd00000, 0x00000000abd00000|100%| E|CS|TAMS 0x00000000abc00000| PB 0x00000000abc00000| Complete  |  0
|  647|0x00000000abd00000, 0x00000000abe00000, 0x00000000abe00000|100%| E|CS|TAMS 0x00000000abd00000| PB 0x00000000abd00000| Complete  |  0
|  648|0x00000000abe00000, 0x00000000abf00000, 0x00000000abf00000|100%| E|CS|TAMS 0x00000000abe00000| PB 0x00000000abe00000| Complete  |  0
|  649|0x00000000abf00000, 0x00000000ac000000, 0x00000000ac000000|100%| E|CS|TAMS 0x00000000abf00000| PB 0x00000000abf00000| Complete  |  0
|  650|0x00000000ac000000, 0x00000000ac100000, 0x00000000ac100000|100%| E|CS|TAMS 0x00000000ac000000| PB 0x00000000ac000000| Complete  |  0
|  651|0x00000000ac100000, 0x00000000ac200000, 0x00000000ac200000|100%| E|CS|TAMS 0x00000000ac100000| PB 0x00000000ac100000| Complete  |  0
|  652|0x00000000ac200000, 0x00000000ac300000, 0x00000000ac300000|100%| E|CS|TAMS 0x00000000ac200000| PB 0x00000000ac200000| Complete  |  0
|  653|0x00000000ac300000, 0x00000000ac400000, 0x00000000ac400000|100%| E|CS|TAMS 0x00000000ac300000| PB 0x00000000ac300000| Complete  |  0
|  654|0x00000000ac400000, 0x00000000ac500000, 0x00000000ac500000|100%| E|CS|TAMS 0x00000000ac400000| PB 0x00000000ac400000| Complete  |  0
|  655|0x00000000ac500000, 0x00000000ac600000, 0x00000000ac600000|100%| E|CS|TAMS 0x00000000ac500000| PB 0x00000000ac500000| Complete  |  0
|  656|0x00000000ac600000, 0x00000000ac700000, 0x00000000ac700000|100%| E|CS|TAMS 0x00000000ac600000| PB 0x00000000ac600000| Complete  |  0
|  657|0x00000000ac700000, 0x00000000ac800000, 0x00000000ac800000|100%| E|CS|TAMS 0x00000000ac700000| PB 0x00000000ac700000| Complete  |  0
|  658|0x00000000ac800000, 0x00000000ac900000, 0x00000000ac900000|100%| E|CS|TAMS 0x00000000ac800000| PB 0x00000000ac800000| Complete  |  0
|  659|0x00000000ac900000, 0x00000000aca00000, 0x00000000aca00000|100%| E|CS|TAMS 0x00000000ac900000| PB 0x00000000ac900000| Complete  |  0
|  660|0x00000000aca00000, 0x00000000acb00000, 0x00000000acb00000|100%| E|CS|TAMS 0x00000000aca00000| PB 0x00000000aca00000| Complete  |  0
|  661|0x00000000acb00000, 0x00000000acc00000, 0x00000000acc00000|100%| E|CS|TAMS 0x00000000acb00000| PB 0x00000000acb00000| Complete  |  0
|  662|0x00000000acc00000, 0x00000000acd00000, 0x00000000acd00000|100%| E|CS|TAMS 0x00000000acc00000| PB 0x00000000acc00000| Complete  |  0
|  663|0x00000000acd00000, 0x00000000ace00000, 0x00000000ace00000|100%| E|CS|TAMS 0x00000000acd00000| PB 0x00000000acd00000| Complete  |  0
|  664|0x00000000ace00000, 0x00000000acf00000, 0x00000000acf00000|100%| E|CS|TAMS 0x00000000ace00000| PB 0x00000000ace00000| Complete  |  0
|  665|0x00000000acf00000, 0x00000000ad000000, 0x00000000ad000000|100%| E|CS|TAMS 0x00000000acf00000| PB 0x00000000acf00000| Complete  |  0
|  666|0x00000000ad000000, 0x00000000ad100000, 0x00000000ad100000|100%| E|CS|TAMS 0x00000000ad000000| PB 0x00000000ad000000| Complete  |  0
|  667|0x00000000ad100000, 0x00000000ad200000, 0x00000000ad200000|100%| E|CS|TAMS 0x00000000ad100000| PB 0x00000000ad100000| Complete  |  0
|  668|0x00000000ad200000, 0x00000000ad300000, 0x00000000ad300000|100%| E|CS|TAMS 0x00000000ad200000| PB 0x00000000ad200000| Complete  |  0
|  669|0x00000000ad300000, 0x00000000ad400000, 0x00000000ad400000|100%| E|CS|TAMS 0x00000000ad300000| PB 0x00000000ad300000| Complete  |  0
|  670|0x00000000ad400000, 0x00000000ad500000, 0x00000000ad500000|100%| E|CS|TAMS 0x00000000ad400000| PB 0x00000000ad400000| Complete  |  0
|  671|0x00000000ad500000, 0x00000000ad600000, 0x00000000ad600000|100%| E|CS|TAMS 0x00000000ad500000| PB 0x00000000ad500000| Complete  |  0
|  672|0x00000000ad600000, 0x00000000ad700000, 0x00000000ad700000|100%| E|CS|TAMS 0x00000000ad600000| PB 0x00000000ad600000| Complete  |  0
|  673|0x00000000ad700000, 0x00000000ad800000, 0x00000000ad800000|100%| E|CS|TAMS 0x00000000ad700000| PB 0x00000000ad700000| Complete  |  0
|  674|0x00000000ad800000, 0x00000000ad900000, 0x00000000ad900000|100%| E|CS|TAMS 0x00000000ad800000| PB 0x00000000ad800000| Complete  |  0
|  675|0x00000000ad900000, 0x00000000ada00000, 0x00000000ada00000|100%| E|CS|TAMS 0x00000000ad900000| PB 0x00000000ad900000| Complete  |  0
|  676|0x00000000ada00000, 0x00000000adb00000, 0x00000000adb00000|100%| E|CS|TAMS 0x00000000ada00000| PB 0x00000000ada00000| Complete  |  0
|  677|0x00000000adb00000, 0x00000000adc00000, 0x00000000adc00000|100%| E|CS|TAMS 0x00000000adb00000| PB 0x00000000adb00000| Complete  |  0
|  678|0x00000000adc00000, 0x00000000add00000, 0x00000000add00000|100%| E|CS|TAMS 0x00000000adc00000| PB 0x00000000adc00000| Complete  |  0
|  679|0x00000000add00000, 0x00000000ade00000, 0x00000000ade00000|100%| E|CS|TAMS 0x00000000add00000| PB 0x00000000add00000| Complete  |  0
|  680|0x00000000ade00000, 0x00000000adf00000, 0x00000000adf00000|100%| E|CS|TAMS 0x00000000ade00000| PB 0x00000000ade00000| Complete  |  0
|  681|0x00000000adf00000, 0x00000000ae000000, 0x00000000ae000000|100%| E|CS|TAMS 0x00000000adf00000| PB 0x00000000adf00000| Complete  |  0
|  682|0x00000000ae000000, 0x00000000ae100000, 0x00000000ae100000|100%| E|CS|TAMS 0x00000000ae000000| PB 0x00000000ae000000| Complete  |  0
|  683|0x00000000ae100000, 0x00000000ae200000, 0x00000000ae200000|100%| E|CS|TAMS 0x00000000ae100000| PB 0x00000000ae100000| Complete  |  0
|  684|0x00000000ae200000, 0x00000000ae300000, 0x00000000ae300000|100%| E|CS|TAMS 0x00000000ae200000| PB 0x00000000ae200000| Complete  |  0
|  685|0x00000000ae300000, 0x00000000ae400000, 0x00000000ae400000|100%| E|CS|TAMS 0x00000000ae300000| PB 0x00000000ae300000| Complete  |  0
|  686|0x00000000ae400000, 0x00000000ae500000, 0x00000000ae500000|100%| E|CS|TAMS 0x00000000ae400000| PB 0x00000000ae400000| Complete  |  0
|  687|0x00000000ae500000, 0x00000000ae600000, 0x00000000ae600000|100%| E|CS|TAMS 0x00000000ae500000| PB 0x00000000ae500000| Complete  |  0
|  688|0x00000000ae600000, 0x00000000ae700000, 0x00000000ae700000|100%| E|CS|TAMS 0x00000000ae600000| PB 0x00000000ae600000| Complete  |  0
|  689|0x00000000ae700000, 0x00000000ae800000, 0x00000000ae800000|100%| E|CS|TAMS 0x00000000ae700000| PB 0x00000000ae700000| Complete  |  0
|  690|0x00000000ae800000, 0x00000000ae900000, 0x00000000ae900000|100%| E|CS|TAMS 0x00000000ae800000| PB 0x00000000ae800000| Complete  |  0
|  691|0x00000000ae900000, 0x00000000aea00000, 0x00000000aea00000|100%| E|CS|TAMS 0x00000000ae900000| PB 0x00000000ae900000| Complete  |  0
|  692|0x00000000aea00000, 0x00000000aeb00000, 0x00000000aeb00000|100%| E|CS|TAMS 0x00000000aea00000| PB 0x00000000aea00000| Complete  |  0
|  693|0x00000000aeb00000, 0x00000000aec00000, 0x00000000aec00000|100%| E|CS|TAMS 0x00000000aeb00000| PB 0x00000000aeb00000| Complete  |  0
|  694|0x00000000aec00000, 0x00000000aed00000, 0x00000000aed00000|100%| E|CS|TAMS 0x00000000aec00000| PB 0x00000000aec00000| Complete  |  0
|  695|0x00000000aed00000, 0x00000000aee00000, 0x00000000aee00000|100%| E|CS|TAMS 0x00000000aed00000| PB 0x00000000aed00000| Complete  |  0
|  696|0x00000000aee00000, 0x00000000aef00000, 0x00000000aef00000|100%| E|CS|TAMS 0x00000000aee00000| PB 0x00000000aee00000| Complete  |  0
|  697|0x00000000aef00000, 0x00000000af000000, 0x00000000af000000|100%| E|CS|TAMS 0x00000000aef00000| PB 0x00000000aef00000| Complete  |  0
|  698|0x00000000af000000, 0x00000000af100000, 0x00000000af100000|100%| E|CS|TAMS 0x00000000af000000| PB 0x00000000af000000| Complete  |  0
|  699|0x00000000af100000, 0x00000000af200000, 0x00000000af200000|100%| E|CS|TAMS 0x00000000af100000| PB 0x00000000af100000| Complete  |  0
|  700|0x00000000af200000, 0x00000000af300000, 0x00000000af300000|100%| E|CS|TAMS 0x00000000af200000| PB 0x00000000af200000| Complete  |  0
|  701|0x00000000af300000, 0x00000000af400000, 0x00000000af400000|100%| E|CS|TAMS 0x00000000af300000| PB 0x00000000af300000| Complete  |  0
|  702|0x00000000af400000, 0x00000000af500000, 0x00000000af500000|100%| E|CS|TAMS 0x00000000af400000| PB 0x00000000af400000| Complete  |  0
|  703|0x00000000af500000, 0x00000000af600000, 0x00000000af600000|100%| E|CS|TAMS 0x00000000af500000| PB 0x00000000af500000| Complete  |  0
|  704|0x00000000af600000, 0x00000000af700000, 0x00000000af700000|100%| E|CS|TAMS 0x00000000af600000| PB 0x00000000af600000| Complete  |  0
|  705|0x00000000af700000, 0x00000000af800000, 0x00000000af800000|100%| E|CS|TAMS 0x00000000af700000| PB 0x00000000af700000| Complete  |  0
|  706|0x00000000af800000, 0x00000000af900000, 0x00000000af900000|100%| E|CS|TAMS 0x00000000af800000| PB 0x00000000af800000| Complete  |  0
|  707|0x00000000af900000, 0x00000000afa00000, 0x00000000afa00000|100%| E|CS|TAMS 0x00000000af900000| PB 0x00000000af900000| Complete  |  0
|  708|0x00000000afa00000, 0x00000000afb00000, 0x00000000afb00000|100%| E|CS|TAMS 0x00000000afa00000| PB 0x00000000afa00000| Complete  |  0
|  709|0x00000000afb00000, 0x00000000afc00000, 0x00000000afc00000|100%| E|CS|TAMS 0x00000000afb00000| PB 0x00000000afb00000| Complete  |  0
|  710|0x00000000afc00000, 0x00000000afd00000, 0x00000000afd00000|100%| E|CS|TAMS 0x00000000afc00000| PB 0x00000000afc00000| Complete  |  0
|  711|0x00000000afd00000, 0x00000000afe00000, 0x00000000afe00000|100%| E|CS|TAMS 0x00000000afd00000| PB 0x00000000afd00000| Complete  |  0
|  712|0x00000000afe00000, 0x00000000aff00000, 0x00000000aff00000|100%| E|CS|TAMS 0x00000000afe00000| PB 0x00000000afe00000| Complete  |  0
|  713|0x00000000aff00000, 0x00000000b0000000, 0x00000000b0000000|100%| E|CS|TAMS 0x00000000aff00000| PB 0x00000000aff00000| Complete  |  0
|  714|0x00000000b0000000, 0x00000000b0100000, 0x00000000b0100000|100%| E|CS|TAMS 0x00000000b0000000| PB 0x00000000b0000000| Complete  |  0
|  715|0x00000000b0100000, 0x00000000b0200000, 0x00000000b0200000|100%| E|CS|TAMS 0x00000000b0100000| PB 0x00000000b0100000| Complete  |  0
|  716|0x00000000b0200000, 0x00000000b0300000, 0x00000000b0300000|100%| E|CS|TAMS 0x00000000b0200000| PB 0x00000000b0200000| Complete  |  0
|  717|0x00000000b0300000, 0x00000000b0400000, 0x00000000b0400000|100%| E|CS|TAMS 0x00000000b0300000| PB 0x00000000b0300000| Complete  |  0
|  718|0x00000000b0400000, 0x00000000b0500000, 0x00000000b0500000|100%| E|CS|TAMS 0x00000000b0400000| PB 0x00000000b0400000| Complete  |  0
|  719|0x00000000b0500000, 0x00000000b0600000, 0x00000000b0600000|100%| E|CS|TAMS 0x00000000b0500000| PB 0x00000000b0500000| Complete  |  0
|  720|0x00000000b0600000, 0x00000000b0700000, 0x00000000b0700000|100%| E|CS|TAMS 0x00000000b0600000| PB 0x00000000b0600000| Complete  |  0
|  721|0x00000000b0700000, 0x00000000b0800000, 0x00000000b0800000|100%| E|CS|TAMS 0x00000000b0700000| PB 0x00000000b0700000| Complete  |  0
|  722|0x00000000b0800000, 0x00000000b0900000, 0x00000000b0900000|100%| E|CS|TAMS 0x00000000b0800000| PB 0x00000000b0800000| Complete  |  0
|  723|0x00000000b0900000, 0x00000000b0a00000, 0x00000000b0a00000|100%| E|CS|TAMS 0x00000000b0900000| PB 0x00000000b0900000| Complete  |  0
|  724|0x00000000b0a00000, 0x00000000b0b00000, 0x00000000b0b00000|100%| E|CS|TAMS 0x00000000b0a00000| PB 0x00000000b0a00000| Complete  |  0
|  725|0x00000000b0b00000, 0x00000000b0c00000, 0x00000000b0c00000|100%| E|CS|TAMS 0x00000000b0b00000| PB 0x00000000b0b00000| Complete  |  0
|  726|0x00000000b0c00000, 0x00000000b0d00000, 0x00000000b0d00000|100%| E|CS|TAMS 0x00000000b0c00000| PB 0x00000000b0c00000| Complete  |  0
|  727|0x00000000b0d00000, 0x00000000b0e00000, 0x00000000b0e00000|100%| E|CS|TAMS 0x00000000b0d00000| PB 0x00000000b0d00000| Complete  |  0
|  728|0x00000000b0e00000, 0x00000000b0f00000, 0x00000000b0f00000|100%| E|CS|TAMS 0x00000000b0e00000| PB 0x00000000b0e00000| Complete  |  0
|  729|0x00000000b0f00000, 0x00000000b1000000, 0x00000000b1000000|100%| E|CS|TAMS 0x00000000b0f00000| PB 0x00000000b0f00000| Complete  |  0
|  730|0x00000000b1000000, 0x00000000b1100000, 0x00000000b1100000|100%| E|CS|TAMS 0x00000000b1000000| PB 0x00000000b1000000| Complete  |  0
|  731|0x00000000b1100000, 0x00000000b1200000, 0x00000000b1200000|100%| E|CS|TAMS 0x00000000b1100000| PB 0x00000000b1100000| Complete  |  0
|  732|0x00000000b1200000, 0x00000000b1300000, 0x00000000b1300000|100%| E|CS|TAMS 0x00000000b1200000| PB 0x00000000b1200000| Complete  |  0
|  733|0x00000000b1300000, 0x00000000b1400000, 0x00000000b1400000|100%| E|CS|TAMS 0x00000000b1300000| PB 0x00000000b1300000| Complete  |  0
|  734|0x00000000b1400000, 0x00000000b1500000, 0x00000000b1500000|100%| E|CS|TAMS 0x00000000b1400000| PB 0x00000000b1400000| Complete  |  0
|  735|0x00000000b1500000, 0x00000000b1600000, 0x00000000b1600000|100%| E|CS|TAMS 0x00000000b1500000| PB 0x00000000b1500000| Complete  |  0
|  736|0x00000000b1600000, 0x00000000b1700000, 0x00000000b1700000|100%| E|CS|TAMS 0x00000000b1600000| PB 0x00000000b1600000| Complete  |  0
|  737|0x00000000b1700000, 0x00000000b1800000, 0x00000000b1800000|100%| E|CS|TAMS 0x00000000b1700000| PB 0x00000000b1700000| Complete  |  0
|  738|0x00000000b1800000, 0x00000000b1900000, 0x00000000b1900000|100%| E|CS|TAMS 0x00000000b1800000| PB 0x00000000b1800000| Complete  |  0
|  739|0x00000000b1900000, 0x00000000b1a00000, 0x00000000b1a00000|100%| E|CS|TAMS 0x00000000b1900000| PB 0x00000000b1900000| Complete  |  0
|  740|0x00000000b1a00000, 0x00000000b1b00000, 0x00000000b1b00000|100%| E|CS|TAMS 0x00000000b1a00000| PB 0x00000000b1a00000| Complete  |  0
|  741|0x00000000b1b00000, 0x00000000b1c00000, 0x00000000b1c00000|100%| E|CS|TAMS 0x00000000b1b00000| PB 0x00000000b1b00000| Complete  |  0
|  742|0x00000000b1c00000, 0x00000000b1d00000, 0x00000000b1d00000|100%| E|CS|TAMS 0x00000000b1c00000| PB 0x00000000b1c00000| Complete  |  0
|  743|0x00000000b1d00000, 0x00000000b1e00000, 0x00000000b1e00000|100%| E|CS|TAMS 0x00000000b1d00000| PB 0x00000000b1d00000| Complete  |  0
|  744|0x00000000b1e00000, 0x00000000b1f00000, 0x00000000b1f00000|100%| E|CS|TAMS 0x00000000b1e00000| PB 0x00000000b1e00000| Complete  |  0
|  745|0x00000000b1f00000, 0x00000000b2000000, 0x00000000b2000000|100%| E|CS|TAMS 0x00000000b1f00000| PB 0x00000000b1f00000| Complete  |  0
|  746|0x00000000b2000000, 0x00000000b2100000, 0x00000000b2100000|100%| E|CS|TAMS 0x00000000b2000000| PB 0x00000000b2000000| Complete  |  0
|  747|0x00000000b2100000, 0x00000000b2200000, 0x00000000b2200000|100%| E|CS|TAMS 0x00000000b2100000| PB 0x00000000b2100000| Complete  |  0
|  748|0x00000000b2200000, 0x00000000b2300000, 0x00000000b2300000|100%| E|CS|TAMS 0x00000000b2200000| PB 0x00000000b2200000| Complete  |  0
|  749|0x00000000b2300000, 0x00000000b2400000, 0x00000000b2400000|100%| E|CS|TAMS 0x00000000b2300000| PB 0x00000000b2300000| Complete  |  0
|  750|0x00000000b2400000, 0x00000000b2500000, 0x00000000b2500000|100%| E|CS|TAMS 0x00000000b2400000| PB 0x00000000b2400000| Complete  |  0
|  751|0x00000000b2500000, 0x00000000b2600000, 0x00000000b2600000|100%| E|CS|TAMS 0x00000000b2500000| PB 0x00000000b2500000| Complete  |  0
|  752|0x00000000b2600000, 0x00000000b2700000, 0x00000000b2700000|100%| E|CS|TAMS 0x00000000b2600000| PB 0x00000000b2600000| Complete  |  0
|  753|0x00000000b2700000, 0x00000000b2800000, 0x00000000b2800000|100%| E|CS|TAMS 0x00000000b2700000| PB 0x00000000b2700000| Complete  |  0
|  754|0x00000000b2800000, 0x00000000b2900000, 0x00000000b2900000|100%| E|CS|TAMS 0x00000000b2800000| PB 0x00000000b2800000| Complete  |  0
|  755|0x00000000b2900000, 0x00000000b2a00000, 0x00000000b2a00000|100%| E|CS|TAMS 0x00000000b2900000| PB 0x00000000b2900000| Complete  |  0
|  756|0x00000000b2a00000, 0x00000000b2b00000, 0x00000000b2b00000|100%| E|CS|TAMS 0x00000000b2a00000| PB 0x00000000b2a00000| Complete  |  0
|  757|0x00000000b2b00000, 0x00000000b2c00000, 0x00000000b2c00000|100%| E|CS|TAMS 0x00000000b2b00000| PB 0x00000000b2b00000| Complete  |  0
|  758|0x00000000b2c00000, 0x00000000b2d00000, 0x00000000b2d00000|100%| E|CS|TAMS 0x00000000b2c00000| PB 0x00000000b2c00000| Complete  |  0
|  759|0x00000000b2d00000, 0x00000000b2e00000, 0x00000000b2e00000|100%| E|CS|TAMS 0x00000000b2d00000| PB 0x00000000b2d00000| Complete  |  0
|  760|0x00000000b2e00000, 0x00000000b2f00000, 0x00000000b2f00000|100%| E|CS|TAMS 0x00000000b2e00000| PB 0x00000000b2e00000| Complete  |  0
|  761|0x00000000b2f00000, 0x00000000b3000000, 0x00000000b3000000|100%| E|CS|TAMS 0x00000000b2f00000| PB 0x00000000b2f00000| Complete  |  0
|  762|0x00000000b3000000, 0x00000000b3100000, 0x00000000b3100000|100%| E|CS|TAMS 0x00000000b3000000| PB 0x00000000b3000000| Complete  |  0
|  763|0x00000000b3100000, 0x00000000b3200000, 0x00000000b3200000|100%| E|CS|TAMS 0x00000000b3100000| PB 0x00000000b3100000| Complete  |  0
|  764|0x00000000b3200000, 0x00000000b3300000, 0x00000000b3300000|100%| E|CS|TAMS 0x00000000b3200000| PB 0x00000000b3200000| Complete  |  0
|  765|0x00000000b3300000, 0x00000000b3400000, 0x00000000b3400000|100%| E|CS|TAMS 0x00000000b3300000| PB 0x00000000b3300000| Complete  |  0
|  766|0x00000000b3400000, 0x00000000b3500000, 0x00000000b3500000|100%| E|CS|TAMS 0x00000000b3400000| PB 0x00000000b3400000| Complete  |  0
|  767|0x00000000b3500000, 0x00000000b3600000, 0x00000000b3600000|100%| E|CS|TAMS 0x00000000b3500000| PB 0x00000000b3500000| Complete  |  0
|  768|0x00000000b3600000, 0x00000000b3700000, 0x00000000b3700000|100%| E|CS|TAMS 0x00000000b3600000| PB 0x00000000b3600000| Complete  |  0
|  769|0x00000000b3700000, 0x00000000b3800000, 0x00000000b3800000|100%| E|CS|TAMS 0x00000000b3700000| PB 0x00000000b3700000| Complete  |  0
|  770|0x00000000b3800000, 0x00000000b3900000, 0x00000000b3900000|100%| E|CS|TAMS 0x00000000b3800000| PB 0x00000000b3800000| Complete  |  0
|  771|0x00000000b3900000, 0x00000000b3a00000, 0x00000000b3a00000|100%| E|CS|TAMS 0x00000000b3900000| PB 0x00000000b3900000| Complete  |  0
|  772|0x00000000b3a00000, 0x00000000b3b00000, 0x00000000b3b00000|100%| E|CS|TAMS 0x00000000b3a00000| PB 0x00000000b3a00000| Complete  |  0
|  773|0x00000000b3b00000, 0x00000000b3c00000, 0x00000000b3c00000|100%| E|CS|TAMS 0x00000000b3b00000| PB 0x00000000b3b00000| Complete  |  0
|  774|0x00000000b3c00000, 0x00000000b3d00000, 0x00000000b3d00000|100%| E|CS|TAMS 0x00000000b3c00000| PB 0x00000000b3c00000| Complete  |  0
|  775|0x00000000b3d00000, 0x00000000b3e00000, 0x00000000b3e00000|100%| E|CS|TAMS 0x00000000b3d00000| PB 0x00000000b3d00000| Complete  |  0
|  776|0x00000000b3e00000, 0x00000000b3f00000, 0x00000000b3f00000|100%| E|CS|TAMS 0x00000000b3e00000| PB 0x00000000b3e00000| Complete  |  0
|  777|0x00000000b3f00000, 0x00000000b4000000, 0x00000000b4000000|100%| E|CS|TAMS 0x00000000b3f00000| PB 0x00000000b3f00000| Complete  |  0
|  778|0x00000000b4000000, 0x00000000b4100000, 0x00000000b4100000|100%| E|CS|TAMS 0x00000000b4000000| PB 0x00000000b4000000| Complete  |  0
|  779|0x00000000b4100000, 0x00000000b4200000, 0x00000000b4200000|100%| E|CS|TAMS 0x00000000b4100000| PB 0x00000000b4100000| Complete  |  0
|  780|0x00000000b4200000, 0x00000000b4300000, 0x00000000b4300000|100%| E|CS|TAMS 0x00000000b4200000| PB 0x00000000b4200000| Complete  |  0
|  781|0x00000000b4300000, 0x00000000b4400000, 0x00000000b4400000|100%| E|CS|TAMS 0x00000000b4300000| PB 0x00000000b4300000| Complete  |  0
|  782|0x00000000b4400000, 0x00000000b4500000, 0x00000000b4500000|100%| E|CS|TAMS 0x00000000b4400000| PB 0x00000000b4400000| Complete  |  0
|  783|0x00000000b4500000, 0x00000000b4600000, 0x00000000b4600000|100%| E|CS|TAMS 0x00000000b4500000| PB 0x00000000b4500000| Complete  |  0
|  784|0x00000000b4600000, 0x00000000b4700000, 0x00000000b4700000|100%| E|CS|TAMS 0x00000000b4600000| PB 0x00000000b4600000| Complete  |  0
|  785|0x00000000b4700000, 0x00000000b4800000, 0x00000000b4800000|100%| E|CS|TAMS 0x00000000b4700000| PB 0x00000000b4700000| Complete  |  0
|  786|0x00000000b4800000, 0x00000000b4900000, 0x00000000b4900000|100%| E|CS|TAMS 0x00000000b4800000| PB 0x00000000b4800000| Complete  |  0
|  787|0x00000000b4900000, 0x00000000b4a00000, 0x00000000b4a00000|100%| E|CS|TAMS 0x00000000b4900000| PB 0x00000000b4900000| Complete  |  0
|  788|0x00000000b4a00000, 0x00000000b4b00000, 0x00000000b4b00000|100%| E|CS|TAMS 0x00000000b4a00000| PB 0x00000000b4a00000| Complete  |  0
|  789|0x00000000b4b00000, 0x00000000b4c00000, 0x00000000b4c00000|100%| E|CS|TAMS 0x00000000b4b00000| PB 0x00000000b4b00000| Complete  |  0
|  790|0x00000000b4c00000, 0x00000000b4d00000, 0x00000000b4d00000|100%| E|CS|TAMS 0x00000000b4c00000| PB 0x00000000b4c00000| Complete  |  0
|  791|0x00000000b4d00000, 0x00000000b4e00000, 0x00000000b4e00000|100%| E|CS|TAMS 0x00000000b4d00000| PB 0x00000000b4d00000| Complete  |  0
|  792|0x00000000b4e00000, 0x00000000b4f00000, 0x00000000b4f00000|100%| E|CS|TAMS 0x00000000b4e00000| PB 0x00000000b4e00000| Complete  |  0
|  793|0x00000000b4f00000, 0x00000000b5000000, 0x00000000b5000000|100%| E|CS|TAMS 0x00000000b4f00000| PB 0x00000000b4f00000| Complete  |  0
|  794|0x00000000b5000000, 0x00000000b5100000, 0x00000000b5100000|100%| E|CS|TAMS 0x00000000b5000000| PB 0x00000000b5000000| Complete  |  0
|  795|0x00000000b5100000, 0x00000000b5200000, 0x00000000b5200000|100%| E|CS|TAMS 0x00000000b5100000| PB 0x00000000b5100000| Complete  |  0
|  796|0x00000000b5200000, 0x00000000b5300000, 0x00000000b5300000|100%| E|CS|TAMS 0x00000000b5200000| PB 0x00000000b5200000| Complete  |  0
|  797|0x00000000b5300000, 0x00000000b5400000, 0x00000000b5400000|100%| E|CS|TAMS 0x00000000b5300000| PB 0x00000000b5300000| Complete  |  0
|  798|0x00000000b5400000, 0x00000000b5500000, 0x00000000b5500000|100%| E|CS|TAMS 0x00000000b5400000| PB 0x00000000b5400000| Complete  |  0
|  799|0x00000000b5500000, 0x00000000b5600000, 0x00000000b5600000|100%| E|CS|TAMS 0x00000000b5500000| PB 0x00000000b5500000| Complete  |  0
|  800|0x00000000b5600000, 0x00000000b5700000, 0x00000000b5700000|100%| E|CS|TAMS 0x00000000b5600000| PB 0x00000000b5600000| Complete  |  0
|  801|0x00000000b5700000, 0x00000000b5800000, 0x00000000b5800000|100%| E|CS|TAMS 0x00000000b5700000| PB 0x00000000b5700000| Complete  |  0
|  802|0x00000000b5800000, 0x00000000b5900000, 0x00000000b5900000|100%| E|CS|TAMS 0x00000000b5800000| PB 0x00000000b5800000| Complete  |  0
|  803|0x00000000b5900000, 0x00000000b5a00000, 0x00000000b5a00000|100%| E|CS|TAMS 0x00000000b5900000| PB 0x00000000b5900000| Complete  |  0
|  804|0x00000000b5a00000, 0x00000000b5b00000, 0x00000000b5b00000|100%| E|CS|TAMS 0x00000000b5a00000| PB 0x00000000b5a00000| Complete  |  0
|  805|0x00000000b5b00000, 0x00000000b5c00000, 0x00000000b5c00000|100%| E|CS|TAMS 0x00000000b5b00000| PB 0x00000000b5b00000| Complete  |  0
|  806|0x00000000b5c00000, 0x00000000b5d00000, 0x00000000b5d00000|100%| E|CS|TAMS 0x00000000b5c00000| PB 0x00000000b5c00000| Complete  |  0
|  807|0x00000000b5d00000, 0x00000000b5e00000, 0x00000000b5e00000|100%| E|CS|TAMS 0x00000000b5d00000| PB 0x00000000b5d00000| Complete  |  0
|  808|0x00000000b5e00000, 0x00000000b5f00000, 0x00000000b5f00000|100%| E|CS|TAMS 0x00000000b5e00000| PB 0x00000000b5e00000| Complete  |  0
|  809|0x00000000b5f00000, 0x00000000b6000000, 0x00000000b6000000|100%| E|CS|TAMS 0x00000000b5f00000| PB 0x00000000b5f00000| Complete  |  0
|  810|0x00000000b6000000, 0x00000000b6100000, 0x00000000b6100000|100%| E|CS|TAMS 0x00000000b6000000| PB 0x00000000b6000000| Complete  |  0
|  811|0x00000000b6100000, 0x00000000b6200000, 0x00000000b6200000|100%| E|CS|TAMS 0x00000000b6100000| PB 0x00000000b6100000| Complete  |  0
|  812|0x00000000b6200000, 0x00000000b6300000, 0x00000000b6300000|100%| E|CS|TAMS 0x00000000b6200000| PB 0x00000000b6200000| Complete  |  0
|  813|0x00000000b6300000, 0x00000000b6400000, 0x00000000b6400000|100%| E|CS|TAMS 0x00000000b6300000| PB 0x00000000b6300000| Complete  |  0
|  814|0x00000000b6400000, 0x00000000b6500000, 0x00000000b6500000|100%| E|CS|TAMS 0x00000000b6400000| PB 0x00000000b6400000| Complete  |  0
|  815|0x00000000b6500000, 0x00000000b6600000, 0x00000000b6600000|100%| E|CS|TAMS 0x00000000b6500000| PB 0x00000000b6500000| Complete  |  0
|  816|0x00000000b6600000, 0x00000000b6700000, 0x00000000b6700000|100%| E|CS|TAMS 0x00000000b6600000| PB 0x00000000b6600000| Complete  |  0
|  817|0x00000000b6700000, 0x00000000b6800000, 0x00000000b6800000|100%| E|CS|TAMS 0x00000000b6700000| PB 0x00000000b6700000| Complete  |  0
|  818|0x00000000b6800000, 0x00000000b6900000, 0x00000000b6900000|100%| E|CS|TAMS 0x00000000b6800000| PB 0x00000000b6800000| Complete  |  0
|  819|0x00000000b6900000, 0x00000000b6a00000, 0x00000000b6a00000|100%| E|CS|TAMS 0x00000000b6900000| PB 0x00000000b6900000| Complete  |  0
|  820|0x00000000b6a00000, 0x00000000b6b00000, 0x00000000b6b00000|100%| E|CS|TAMS 0x00000000b6a00000| PB 0x00000000b6a00000| Complete  |  0
|  821|0x00000000b6b00000, 0x00000000b6c00000, 0x00000000b6c00000|100%| E|CS|TAMS 0x00000000b6b00000| PB 0x00000000b6b00000| Complete  |  0
|  822|0x00000000b6c00000, 0x00000000b6d00000, 0x00000000b6d00000|100%| E|CS|TAMS 0x00000000b6c00000| PB 0x00000000b6c00000| Complete  |  0
|  823|0x00000000b6d00000, 0x00000000b6e00000, 0x00000000b6e00000|100%| E|CS|TAMS 0x00000000b6d00000| PB 0x00000000b6d00000| Complete  |  0
|  824|0x00000000b6e00000, 0x00000000b6f00000, 0x00000000b6f00000|100%| E|CS|TAMS 0x00000000b6e00000| PB 0x00000000b6e00000| Complete  |  0
|  825|0x00000000b6f00000, 0x00000000b7000000, 0x00000000b7000000|100%| E|CS|TAMS 0x00000000b6f00000| PB 0x00000000b6f00000| Complete  |  0
|  826|0x00000000b7000000, 0x00000000b7100000, 0x00000000b7100000|100%| E|CS|TAMS 0x00000000b7000000| PB 0x00000000b7000000| Complete  |  0
| 1990|0x00000000ffc00000, 0x00000000ffc26838, 0x00000000ffd00000| 15%| O|  |TAMS 0x00000000ffc00000| PB 0x00000000ffc00000| Untracked |  0
| 1991|0x00000000ffd00000, 0x00000000ffe00000, 0x00000000ffe00000|100%| O|  |TAMS 0x00000000ffd00000| PB 0x00000000ffd00000| Untracked |  0
| 1992|0x00000000ffe00000, 0x00000000fff00000, 0x00000000fff00000|100%| O|  |TAMS 0x00000000ffe00000| PB 0x00000000ffe00000| Untracked |  0
| 1993|0x00000000fff00000, 0x0000000100000000, 0x0000000100000000|100%| E|CS|TAMS 0x00000000fff00000| PB 0x00000000fff00000| Complete  |  0

Card table byte_map: [0x00000200fae30000,0x00000200fb220000] _byte_map_base: 0x00000200faa15000
Refinement table byte_map: [0x00000200fb220000,0x00000200fb610000] _byte_map_base: 0x00000200fae05000

Marking Bits: (CMBitMap*) 0x00000200e2a9bfa0
 Bits: [0x00000200fb610000, 0x00000200fd538000)

Polling page: 0x00000200e0850000

Metaspace:
Metaspace        used 100848K, committed 102464K, reserved 1179648K
 class space     used 16736K, committed 17408K, reserved 1048576K

Usage:
  Non-class:     82.14 MB used.
      Class:     16.34 MB used.
       Both:     98.48 MB used.

Virtual space:
  Non-class space:      128.00 MB reserved,      83.06 MB ( 65%) committed,  2 nodes.
      Class space:        1.00 GB reserved,      17.00 MB (  2%) committed,  1 nodes.
             Both:        1.12 GB reserved,     100.06 MB (  9%) committed. 

Chunk freelists:
   Non-Class:  12.12 MB
       Class:  14.83 MB
        Both:  26.95 MB

MaxMetaspaceSize: unlimited
CompressedClassSpaceSize: 1.00 GB
Initial GC threshold: 21.00 MB
Current GC threshold: 113.75 MB
CDS: on
 - commit_granule_bytes: 65536.
 - commit_granule_words: 8192.
 - virtual_space_node_default_size: 8388608.
 - enlarge_chunks_in_place: 1.
UseCompressedClassPointers 1, UseCompactObjectHeaders 0
Narrow klass pointer bits 32, Max shift 3
Narrow klass base: 0x0000000019000000, Narrow klass shift: 0
Encoding Range: [0x0000000019000000 - 0x0000000119000000), (4294967296 bytes)
Klass Range:    [0x0000000019000000 - 0x000000005a000000), (1090519040 bytes)
Klass ID Range:  [8 - 1090519033) (1090519025)
Protection zone: [0x0000000019000000 - 0x0000000019010000), (65536 bytes)


Internal statistics:

num_allocs_failed_limit: 6.
num_arena_births: 2428.
num_arena_deaths: 0.
num_vsnodes_births: 3.
num_vsnodes_deaths: 0.
num_space_committed: 1595.
num_space_uncommitted: 0.
num_chunks_returned_to_freelist: 6.
num_chunks_taken_from_freelist: 6592.
num_chunk_merges: 6.
num_chunk_splits: 4342.
num_chunks_enlarged: 3094.
num_inconsistent_stats: 0.

CodeHeap 'non-profiled nmethods': size=120064Kb used=6481Kb max_used=6481Kb free=113583Kb
 bounds [0x00000200f31d0000, 0x00000200f3830000, 0x00000200fa710000]
CodeHeap 'profiled nmethods': size=120064Kb used=14701Kb max_used=14701Kb free=105362Kb
 bounds [0x00000200eb6f0000, 0x00000200ec550000, 0x00000200f2c30000]
CodeHeap 'non-nmethods': size=5760Kb used=3825Kb max_used=3911Kb free=1935Kb
 bounds [0x00000200f2c30000, 0x00000200f3010000, 0x00000200f31d0000]
CodeCache: size=245888Kb, used=25007Kb, max_used=25093Kb, free=220880Kb
 total_blobs=12586, nmethods=10202, adapters=2245, full_count=0
Compilation: enabled, stopped_count=0, restarted_count=0

Compilation events (20 events):
Event: 28.743 Thread 0x00000200fff2e8c0 12265       3       java.lang.System::lineSeparator (4 bytes)
Event: 28.744 Thread 0x00000200fff2e8c0 nmethod 12265 0x00000200ec545088 code [0x00000200ec545180, 0x00000200ec545268]
Event: 28.744 Thread 0x00000200fff2e8c0 12266       3       java.io.PrintWriter::println (5 bytes)
Event: 28.744 Thread 0x00000200fff2e8c0 nmethod 12266 0x00000200ec545388 code [0x00000200ec545480, 0x00000200ec5455a8]
Event: 28.749 Thread 0x00000200fff2e8c0 12267   !   3       java.lang.invoke.StringConcatFactory::makeConcatWithConstants (280 bytes)
Event: 28.752 Thread 0x00000200fff2e8c0 nmethod 12267 0x00000200ec545688 code [0x00000200ec545780, 0x00000200ec5486e0]
Event: 28.756 Thread 0x00000200fff2e8c0 12268       1       java.util.logging.Logger::getName (5 bytes)
Event: 28.756 Thread 0x00000200fff2e8c0 nmethod 12268 0x00000200f3824108 code [0x00000200f3824200, 0x00000200f38242b8]
Event: 28.757 Thread 0x00000200fff2e8c0 12269       3       org.apache.logging.log4j.core.config.LoggerConfig::requiresLocation (110 bytes)
Event: 28.758 Thread 0x00000200fff2e8c0 nmethod 12269 0x00000200ec548788 code [0x00000200ec548880, 0x00000200ec548fd8]
Event: 28.760 Thread 0x00000200fff2e8c0 12270       3       org.apache.logging.log4j.core.config.AbstractConfiguration::getLoggerConfig (56 bytes)
Event: 28.762 Thread 0x00000200fff2e8c0 nmethod 12270 0x00000200ec549008 code [0x00000200ec549100, 0x00000200ec549db8]
Event: 28.762 Thread 0x00000200fff2e8c0 12271       3       org.apache.logging.log4j.core.Logger$PrivateConfig::<init> (67 bytes)
Event: 28.763 Thread 0x00000200fff2e8c0 nmethod 12271 0x00000200ec549e08 code [0x00000200ec549f00, 0x00000200ec54a730]
Event: 28.763 Thread 0x00000200fff2e8c0 12272       3       org.apache.logging.log4j.core.config.LoggerConfig::getLevel (35 bytes)
Event: 28.763 Thread 0x00000200fff2e8c0 nmethod 12272 0x00000200ec54a788 code [0x00000200ec54a880, 0x00000200ec54ac38]
Event: 28.763 Thread 0x00000200fff2e8c0 12273       3       java.util.ArrayList::elementAt (4 bytes)
Event: 28.763 Thread 0x00000200fff2e8c0 nmethod 12273 0x00000200ec54ac88 code [0x00000200ec54ad80, 0x00000200ec54ae80]
Event: 28.766 Thread 0x00000200fff2e8c0 12274       3       org.apache.logging.log4j.status.StatusLogger::isEnabled (7 bytes)
Event: 28.767 Thread 0x00000200fff2e8c0 nmethod 12274 0x00000200ec54af88 code [0x00000200ec54b080, 0x00000200ec54b5c8]

GC Heap Usage History (20 events):
Event: 9.696 {heap Before GC invocations=24 (full 0):
 garbage-first heap   total reserved 2041856K, committed 281600K, used 213824K [0x0000000083600000, 0x0000000100000000)
  region size 1M, 161 eden (161M), 4 survivor (4M), 26 old (26M), 18 humongous (18M), 66 free (66M)
}
Event: 9.722 {heap After GC invocations=25 (full 0):
 garbage-first heap   total reserved 2041856K, committed 281600K, used 65344K [0x0000000083600000, 0x0000000100000000)
  region size 1M, 0 eden (0M), 20 survivor (20M), 26 old (26M), 18 humongous (18M), 211 free (211M)
}
Event: 11.072 {heap Before GC invocations=25 (full 0):
 garbage-first heap   total reserved 2041856K, committed 281600K, used 185152K [0x0000000083600000, 0x0000000100000000)
  region size 1M, 118 eden (118M), 20 survivor (20M), 26 old (26M), 18 humongous (18M), 93 free (93M)
}
Event: 11.108 {heap After GC invocations=26 (full 0):
 garbage-first heap   total reserved 2041856K, committed 281600K, used 85580K [0x0000000083600000, 0x0000000100000000)
  region size 1M, 0 eden (0M), 20 survivor (20M), 46 old (46M), 18 humongous (18M), 191 free (191M)
}
Event: 11.194 {heap Before GC invocations=26 (full 0):
 garbage-first heap   total reserved 2041856K, committed 281600K, used 90700K [0x0000000083600000, 0x0000000100000000)
  region size 1M, 6 eden (6M), 20 survivor (20M), 46 old (46M), 18 humongous (18M), 185 free (185M)
}
Event: 11.209 {heap After GC invocations=27 (full 0):
 garbage-first heap   total reserved 2041856K, committed 281600K, used 88064K [0x0000000083600000, 0x0000000100000000)
  region size 1M, 0 eden (0M), 3 survivor (3M), 65 old (65M), 18 humongous (18M), 189 free (189M)
}
Event: 13.784 {heap Before GC invocations=28 (full 0):
 garbage-first heap   total reserved 2041856K, committed 281600K, used 251904K [0x0000000083600000, 0x0000000100000000)
  region size 1M, 160 eden (160M), 3 survivor (3M), 65 old (65M), 18 humongous (18M), 29 free (29M)
}
Event: 13.794 {heap After GC invocations=29 (full 0):
 garbage-first heap   total reserved 2041856K, committed 281600K, used 90418K [0x0000000083600000, 0x0000000100000000)
  region size 1M, 0 eden (0M), 6 survivor (6M), 65 old (65M), 18 humongous (18M), 186 free (186M)
}
Event: 15.208 {heap Before GC invocations=29 (full 0):
 garbage-first heap   total reserved 2041856K, committed 281600K, used 253234K [0x0000000083600000, 0x0000000100000000)
  region size 1M, 159 eden (159M), 6 survivor (6M), 65 old (65M), 18 humongous (18M), 27 free (27M)
}
Event: 15.227 {heap After GC invocations=30 (full 0):
 garbage-first heap   total reserved 2041856K, committed 281600K, used 99873K [0x0000000083600000, 0x0000000100000000)
  region size 1M, 0 eden (0M), 15 survivor (15M), 65 old (65M), 18 humongous (18M), 177 free (177M)
}
Event: 16.535 {heap Before GC invocations=30 (full 0):
 garbage-first heap   total reserved 2041856K, committed 281600K, used 253473K [0x0000000083600000, 0x0000000100000000)
  region size 1M, 150 eden (150M), 15 survivor (15M), 65 old (65M), 18 humongous (18M), 27 free (27M)
}
Event: 16.555 {heap After GC invocations=31 (full 0):
 garbage-first heap   total reserved 2041856K, committed 281600K, used 106135K [0x0000000083600000, 0x0000000100000000)
  region size 1M, 0 eden (0M), 16 survivor (16M), 70 old (70M), 18 humongous (18M), 171 free (171M)
}
Event: 18.620 {heap Before GC invocations=32 (full 0):
 garbage-first heap   total reserved 2041856K, committed 281600K, used 256663K [0x0000000083600000, 0x0000000100000000)
  region size 1M, 147 eden (147M), 16 survivor (16M), 70 old (70M), 18 humongous (18M), 24 free (24M)
}
Event: 18.636 {heap After GC invocations=33 (full 0):
 garbage-first heap   total reserved 2041856K, committed 281600K, used 110486K [0x0000000083600000, 0x0000000100000000)
  region size 1M, 0 eden (0M), 10 survivor (10M), 80 old (80M), 18 humongous (18M), 167 free (167M)
}
Event: 19.202 {heap Before GC invocations=33 (full 0):
 garbage-first heap   total reserved 2041856K, committed 281600K, used 258966K [0x0000000083600000, 0x0000000100000000)
  region size 1M, 146 eden (146M), 10 survivor (10M), 80 old (80M), 18 humongous (18M), 21 free (21M)
}
Event: 19.216 {heap After GC invocations=34 (full 0):
 garbage-first heap   total reserved 2041856K, committed 281600K, used 115484K [0x0000000083600000, 0x0000000100000000)
  region size 1M, 0 eden (0M), 15 survivor (15M), 80 old (80M), 18 humongous (18M), 162 free (162M)
}
Event: 20.953 {heap Before GC invocations=34 (full 0):
 garbage-first heap   total reserved 2041856K, committed 281600K, used 260892K [0x0000000083600000, 0x0000000100000000)
  region size 1M, 142 eden (142M), 15 survivor (15M), 80 old (80M), 18 humongous (18M), 20 free (20M)
}
Event: 20.968 {heap After GC invocations=35 (full 0):
 garbage-first heap   total reserved 2041856K, committed 281600K, used 120256K [0x0000000083600000, 0x0000000100000000)
  region size 1M, 0 eden (0M), 14 survivor (14M), 86 old (86M), 18 humongous (18M), 157 free (157M)
}
Event: 22.138 {heap Before GC invocations=36 (full 0):
 garbage-first heap   total reserved 2041856K, committed 281600K, used 263616K [0x0000000083600000, 0x0000000100000000)
  region size 1M, 140 eden (140M), 14 survivor (14M), 86 old (86M), 18 humongous (18M), 17 free (17M)
}
Event: 22.154 {heap After GC invocations=37 (full 0):
 garbage-first heap   total reserved 2041856K, committed 850944K, used 124570K [0x0000000083600000, 0x0000000100000000)
  region size 1M, 0 eden (0M), 15 survivor (15M), 90 old (90M), 18 humongous (18M), 708 free (708M)
}

Metaspace Usage History (20 events):
Event: 9.696 {metaspace Before GC invocations=24 (full 0):
 Metaspace       used 30411K, committed 30848K, reserved 1114112K
  class space    used 3930K, committed 4096K, reserved 1048576K
}
Event: 9.722 {metaspace After GC invocations=25 (full 0):
 Metaspace       used 30411K, committed 30848K, reserved 1114112K
  class space    used 3930K, committed 4096K, reserved 1048576K
}
Event: 11.072 {metaspace Before GC invocations=25 (full 0):
 Metaspace       used 32780K, committed 33280K, reserved 1114112K
  class space    used 4279K, committed 4480K, reserved 1048576K
}
Event: 11.108 {metaspace After GC invocations=26 (full 0):
 Metaspace       used 32780K, committed 33280K, reserved 1114112K
  class space    used 4279K, committed 4480K, reserved 1048576K
}
Event: 11.194 {metaspace Before GC invocations=26 (full 0):
 Metaspace       used 33153K, committed 33600K, reserved 1114112K
  class space    used 4346K, committed 4544K, reserved 1048576K
}
Event: 11.209 {metaspace After GC invocations=27 (full 0):
 Metaspace       used 33153K, committed 33600K, reserved 1114112K
  class space    used 4346K, committed 4544K, reserved 1048576K
}
Event: 13.784 {metaspace Before GC invocations=28 (full 0):
 Metaspace       used 43288K, committed 43776K, reserved 1114112K
  class space    used 5681K, committed 5888K, reserved 1048576K
}
Event: 13.794 {metaspace After GC invocations=29 (full 0):
 Metaspace       used 43288K, committed 43776K, reserved 1114112K
  class space    used 5681K, committed 5888K, reserved 1048576K
}
Event: 15.208 {metaspace Before GC invocations=29 (full 0):
 Metaspace       used 47318K, committed 47808K, reserved 1114112K
  class space    used 6655K, committed 6848K, reserved 1048576K
}
Event: 15.227 {metaspace After GC invocations=30 (full 0):
 Metaspace       used 47318K, committed 47808K, reserved 1114112K
  class space    used 6655K, committed 6848K, reserved 1048576K
}
Event: 16.535 {metaspace Before GC invocations=30 (full 0):
 Metaspace       used 49758K, committed 50368K, reserved 1114112K
  class space    used 7104K, committed 7360K, reserved 1048576K
}
Event: 16.555 {metaspace After GC invocations=31 (full 0):
 Metaspace       used 49758K, committed 50368K, reserved 1114112K
  class space    used 7104K, committed 7360K, reserved 1048576K
}
Event: 18.620 {metaspace Before GC invocations=32 (full 0):
 Metaspace       used 59615K, committed 60160K, reserved 1114112K
  class space    used 9763K, committed 9984K, reserved 1048576K
}
Event: 18.636 {metaspace After GC invocations=33 (full 0):
 Metaspace       used 59615K, committed 60160K, reserved 1114112K
  class space    used 9763K, committed 9984K, reserved 1048576K
}
Event: 19.202 {metaspace Before GC invocations=33 (full 0):
 Metaspace       used 60614K, committed 61184K, reserved 1114112K
  class space    used 10010K, committed 10240K, reserved 1048576K
}
Event: 19.216 {metaspace After GC invocations=34 (full 0):
 Metaspace       used 60614K, committed 61184K, reserved 1114112K
  class space    used 10010K, committed 10240K, reserved 1048576K
}
Event: 20.953 {metaspace Before GC invocations=34 (full 0):
 Metaspace       used 68508K, committed 69184K, reserved 1114112K
  class space    used 11699K, committed 11968K, reserved 1048576K
}
Event: 20.968 {metaspace After GC invocations=35 (full 0):
 Metaspace       used 68508K, committed 69184K, reserved 1114112K
  class space    used 11699K, committed 11968K, reserved 1048576K
}
Event: 22.138 {metaspace Before GC invocations=36 (full 0):
 Metaspace       used 76718K, committed 77440K, reserved 1114112K
  class space    used 13490K, committed 13760K, reserved 1048576K
}
Event: 22.154 {metaspace After GC invocations=37 (full 0):
 Metaspace       used 76718K, committed 77440K, reserved 1114112K
  class space    used 13490K, committed 13760K, reserved 1048576K
}

Dll operation events (20 events):
Event: 0.658 Attempting to load shared library C:\Program Files\Java\jdk-26.0.1\bin\jimage.dll
Event: 0.658 Loaded shared library C:\Program Files\Java\jdk-26.0.1\bin\jimage.dll
Event: 2.113 Attempting to load shared library C:\Program Files\Java\jdk-26.0.1\bin\management.dll
Event: 2.114 Loaded shared library C:\Program Files\Java\jdk-26.0.1\bin\management.dll
Event: 2.116 Attempting to load shared library C:\Program Files\Java\jdk-26.0.1\bin\management_ext.dll
Event: 2.117 Loaded shared library C:\Program Files\Java\jdk-26.0.1\bin\management_ext.dll
Event: 2.636 Attempting to load shared library C:\Program Files\Java\jdk-26.0.1\bin\verify.dll
Event: 2.637 Loaded shared library C:\Program Files\Java\jdk-26.0.1\bin\verify.dll
Event: 9.451 Attempting to load shared library C:\Users\Vex4D\AppData\Local\Temp\jna-82548697\jna170403840182062305.dll
Event: 9.506 Loaded shared library C:\Users\Vex4D\AppData\Local\Temp\jna-82548697\jna170403840182062305.dll
Event: 22.735 Attempting to load shared library C:\Program Files\Java\jdk-26.0.1\bin\sunmscapi.dll
Event: 22.738 Loaded shared library C:\Program Files\Java\jdk-26.0.1\bin\sunmscapi.dll
Event: 22.799 Attempting to load shared library C:\Program Files\Java\jdk-26.0.1\bin\extnet.dll
Event: 22.800 Loaded shared library C:\Program Files\Java\jdk-26.0.1\bin\extnet.dll
Event: 24.407 Attempting to load shared library C:\Users\Vex4D\AppData\Local\Temp\lwjgl_Vex4D\3.4.1-snapshot\x64\lwjgl.dll
Event: 24.408 Loaded shared library C:\Users\Vex4D\AppData\Local\Temp\lwjgl_Vex4D\3.4.1-snapshot\x64\lwjgl.dll
Event: 25.994 Attempting to load shared library C:\Users\Vex4D\AppData\Local\Temp\lwjgl_Vex4D\3.4.1-snapshot\x64\lwjgl_opengl.dll
Event: 25.996 Loaded shared library C:\Users\Vex4D\AppData\Local\Temp\lwjgl_Vex4D\3.4.1-snapshot\x64\lwjgl_opengl.dll
Event: 26.479 Attempting to load shared library C:\Users\Vex4D\AppData\Local\Temp\lwjgl_Vex4D\3.4.1-snapshot\x64\lwjgl_stb.dll
Event: 26.481 Loaded shared library C:\Users\Vex4D\AppData\Local\Temp\lwjgl_Vex4D\3.4.1-snapshot\x64\lwjgl_stb.dll

Deoptimization events (20 events):
Event: 28.589 Thread 0x00000200e2a5b2c0 Uncommon trap: trap_request=0xfffffff4 fr.pc=0x00000200f3810074 relative=0x0000000000000374
Event: 28.589 Thread 0x00000200e2a5b2c0 Uncommon trap: reason=null_check action=make_not_entrant pc=0x00000200f3810074 method=com.sun.jna.Native.getNativeSize(Ljava/lang/Class;)I @ 4 c2
Event: 28.589 Thread 0x00000200e2a5b2c0 DEOPT PACKING pc=0x00000200f3810074 sp=0x000000eb70cfe630
Event: 28.589 Thread 0x00000200e2a5b2c0 DEOPT UNPACKING pc=0x00000200f2d63102 sp=0x000000eb70cfe5c0 mode 2
Event: 28.614 Thread 0x00000200e2a5b2c0 Uncommon trap: trap_request=0xfffffff4 fr.pc=0x00000200f381c728 relative=0x00000000000005a8
Event: 28.614 Thread 0x00000200e2a5b2c0 Uncommon trap: reason=null_check action=make_not_entrant pc=0x00000200f381c728 method=com.sun.jna.Native.getNativeSize(Ljava/lang/Class;Ljava/lang/Object;)I @ 65 c2
Event: 28.614 Thread 0x00000200e2a5b2c0 DEOPT PACKING pc=0x00000200f381c728 sp=0x000000eb70cfe890
Event: 28.614 Thread 0x00000200e2a5b2c0 DEOPT UNPACKING pc=0x00000200f2d63102 sp=0x000000eb70cfe808 mode 2
Event: 28.723 Thread 0x00000200e2a5b2c0 Uncommon trap: trap_request=0xffffff45 fr.pc=0x00000200f32e18f4 relative=0x00000000000001f4
Event: 28.723 Thread 0x00000200e2a5b2c0 Uncommon trap: reason=unstable_if action=reinterpret pc=0x00000200f32e18f4 method=java.lang.StringCoding.implEncodeAsciiArray([CI[BII)I @ 23 c2
Event: 28.723 Thread 0x00000200e2a5b2c0 DEOPT PACKING pc=0x00000200f32e18f4 sp=0x000000eb70cfe740
Event: 28.723 Thread 0x00000200e2a5b2c0 DEOPT UNPACKING pc=0x00000200f2d63102 sp=0x000000eb70cfe6b0 mode 2
Event: 28.723 Thread 0x00000200e2a5b2c0 Uncommon trap: trap_request=0xffffff45 fr.pc=0x00000200f32d95d0 relative=0x00000000000002d0
Event: 28.723 Thread 0x00000200e2a5b2c0 Uncommon trap: reason=unstable_if action=reinterpret pc=0x00000200f32d95d0 method=java.lang.StringCoding.implEncodeAsciiArray([CI[BII)I @ 23 c2
Event: 28.723 Thread 0x00000200e2a5b2c0 DEOPT PACKING pc=0x00000200f32d95d0 sp=0x000000eb70cfe710
Event: 28.723 Thread 0x00000200e2a5b2c0 DEOPT UNPACKING pc=0x00000200f2d63102 sp=0x000000eb70cfe6b0 mode 2
Event: 28.755 Thread 0x0000020089eb5a00 Uncommon trap: trap_request=0xffffff45 fr.pc=0x00000200f3526fd4 relative=0x0000000000000554
Event: 28.755 Thread 0x0000020089eb5a00 Uncommon trap: reason=unstable_if action=reinterpret pc=0x00000200f3526fd4 method=java.util.TreeMap.getEntry(Ljava/lang/Object;)Ljava/util/TreeMap$Entry; @ 4 c2
Event: 28.755 Thread 0x0000020089eb5a00 DEOPT PACKING pc=0x00000200f3526fd4 sp=0x000000eb739fee40
Event: 28.755 Thread 0x0000020089eb5a00 DEOPT UNPACKING pc=0x00000200f2d63102 sp=0x000000eb739fed68 mode 2

Classes loaded (20 events):
Event: 26.001 Loading class java/nio/DirectCharBufferU
Event: 26.002 Loading class java/nio/DirectCharBufferU done
Event: 26.386 Loading class java/nio/DirectFloatBufferU
Event: 26.386 Loading class java/nio/DirectFloatBufferU done
Event: 26.405 Loading class java/util/OptionalDouble
Event: 26.406 Loading class java/util/OptionalDouble done
Event: 26.461 Loading class java/nio/channels/Channels$ReadableByteChannelImpl
Event: 26.462 Loading class java/nio/channels/Channels$ReadableByteChannelImpl done
Event: 26.871 Loading class jdk/internal/foreign/abi/Binding$Cast$1
Event: 26.872 Loading class jdk/internal/foreign/abi/Binding$Cast$1 done
Event: 26.872 Loading class jdk/internal/foreign/abi/BindingSpecializer$1
Event: 26.872 Loading class jdk/internal/foreign/abi/BindingSpecializer$1 done
Event: 26.935 Loading class java/util/concurrent/CompletionException
Event: 26.935 Loading class java/util/concurrent/CompletionException done
Event: 27.902 Loading class java/util/IdentityHashMap$EntryIterator
Event: 27.903 Loading class java/util/IdentityHashMap$EntryIterator done
Event: 28.159 Loading class java/util/function/DoubleBinaryOperator
Event: 28.159 Loading class java/util/function/DoubleBinaryOperator done
Event: 28.282 Loading class java/util/Comparators$NullComparator
Event: 28.282 Loading class java/util/Comparators$NullComparator done

Classes unloaded (0 events):
No events

Classes redefined (0 events):
No events

Internal exceptions (20 events):
Event: 26.923 Thread 0x00000200e2a5b2c0 Exception <a 'java/lang/NoSuchMethodError'{0x00000000a86b7360}: 'void java.lang.invoke.DirectMethodHandle$Holder.invokeStaticInit(java.lang.Object, java.lang.Object, java.lang.Object, long, long)'> (0x00000000a86b7360) 
thrown [s\open\src\hotspot\share\interpreter\linkResolver.cpp, line 804]
Event: 26.990 Thread 0x00000200e2a5b2c0 Exception <a 'java/lang/NoSuchMethodError'{0x00000000a7fc4100}: 'java.lang.Object java.lang.invoke.DirectMethodHandle$Holder.invokeStatic(java.lang.Object, java.lang.Object, java.lang.Object, java.lang.Object, java.lang.Object, java.lang.Object, java.lang.Object, java.lang.Object, java.lang.Object, java.lang.Object, java.lang.Object, java.lang.Object, java.lang.Object)'> (0x00000000a7fc4100) 
thrown [s\open\src\hotspot\share\interpreter\linkResolver.cpp, line 804]
Event: 26.990 Thread 0x00000200e2a5b2c0 Exception <a 'java/lang/NoSuchMethodError'{0x00000000a7fd7a30}: 'java.lang.Object java.lang.invoke.DirectMethodHandle$Holder.newInvokeSpecial(java.lang.Object, java.lang.Object, java.lang.Object, java.lang.Object, java.lang.Object, java.lang.Object, java.lang.Object, java.lang.Object, java.lang.Object, java.lang.Object, java.lang.Object, java.lang.Object, java.lang.Object)'> (0x00000000a7fd7a30) 
thrown [s\open\src\hotspot\share\interpreter\linkResolver.cpp, line 804]
Event: 26.990 Thread 0x00000200e2a5b2c0 Exception <a 'java/lang/NoSuchMethodError'{0x00000000a7fe1538}: 'java.lang.Object java.lang.invoke.DirectMethodHandle$Holder.invokeSpecial(java.lang.Object, java.lang.Object, java.lang.Object, java.lang.Object, java.lang.Object, java.lang.Object, java.lang.Object, java.lang.Object, java.lang.Object, java.lang.Object, java.lang.Object, java.lang.Object, java.lang.Object, java.lang.Object)'> (0x00000000a7fe1538) 
thrown [s\open\src\hotspot\share\interpreter\linkResolver.cpp, line 804]
Event: 26.991 Thread 0x00000200e2a5b2c0 Exception <a 'java/lang/NoSuchMethodError'{0x00000000a7fea568}: 'java.lang.Object java.lang.invoke.Invokers$Holder.linkToTargetMethod(java.lang.Object, java.lang.Object, java.lang.Object, java.lang.Object, java.lang.Object, java.lang.Object, java.lang.Object, java.lang.Object, java.lang.Object, java.lang.Object, java.lang.Object, java.lang.Object, java.lang.Object)'> (0x00000000a7fea568) 
thrown [s\open\src\hotspot\share\interpreter\linkResolver.cpp, line 804]
Event: 28.319 Thread 0x00000200e2a5b2c0 Exception <a 'java/lang/NoSuchMethodError'{0x00000000a33d2660}: 'void java.lang.invoke.DirectMethodHandle$Holder.invokeStatic(java.lang.Object, java.lang.Object, java.lang.Object, long, float)'> (0x00000000a33d2660) 
thrown [s\open\src\hotspot\share\interpreter\linkResolver.cpp, line 804]
Event: 28.319 Thread 0x00000200e2a5b2c0 Exception <a 'java/lang/NoSuchMethodError'{0x00000000a33e2790}: 'void java.lang.invoke.DelegatingMethodHandle$Holder.reinvoke_L(java.lang.Object, java.lang.Object, java.lang.Object, long, float)'> (0x00000000a33e2790) 
thrown [s\open\src\hotspot\share\interpreter\linkResolver.cpp, line 804]
Event: 28.499 Thread 0x00000200e2a5b2c0 Implicit null exception at 0x00000200f38105ef to 0x00000200f3811500
Event: 28.532 Thread 0x00000200e2a5b2c0 Implicit null exception at 0x00000200f3813d7d to 0x00000200f3814ca4
Event: 28.565 Thread 0x00000200e2a5b2c0 Implicit null exception at 0x00000200f3816a01 to 0x00000200f3817650
Event: 28.587 Thread 0x00000200e2a5b2c0 Exception <a 'java/lang/UnsatisfiedLinkError'{0x00000000a28b03f8}: The specified procedure could not be found.
> (0x00000000a28b03f8) 
thrown [s\open\src\hotspot\share\prims\jni.cpp, line 532]
Event: 28.588 Thread 0x00000200e2a5b2c0 Exception <a 'java/lang/UnsatisfiedLinkError'{0x00000000a28ba0f8}: The specified procedure could not be found.
> (0x00000000a28ba0f8) 
thrown [s\open\src\hotspot\share\prims\jni.cpp, line 532]
Event: 28.589 Thread 0x00000200e2a5b2c0 Implicit null exception at 0x00000200f380fd21 to 0x00000200f3810064
Event: 28.614 Thread 0x00000200e2a5b2c0 Implicit null exception at 0x00000200f381c1ad to 0x00000200f381c714
Event: 28.630 Thread 0x00000200e2a5b2c0 Exception <a 'java/lang/UnsatisfiedLinkError'{0x00000000a264d590}: The specified procedure could not be found.
> (0x00000000a264d590) 
thrown [s\open\src\hotspot\share\prims\jni.cpp, line 532]
Event: 28.711 Thread 0x00000200e2a5b2c0 Exception <a 'java/lang/NegativeArraySizeException'{0x00000000a2584fe8}: -2> (0x00000000a2584fe8) 
thrown [s\open\src\hotspot\share\oops\klass.cpp, line 957]
Event: 28.721 Thread 0x00000200e2a5b2c0 Exception <a 'java/lang/NoSuchMethodError'{0x00000000a2447568}: 'double java.lang.invoke.DirectMethodHandle$Holder.invokeStatic(java.lang.Object, java.lang.Object, java.lang.Object)'> (0x00000000a2447568) 
thrown [s\open\src\hotspot\share\interpreter\linkResolver.cpp, line 804]
Event: 28.721 Thread 0x00000200e2a5b2c0 Exception <a 'java/lang/NoSuchMethodError'{0x00000000a244f650}: 'double java.lang.invoke.DirectMethodHandle$Holder.invokeStaticInit(java.lang.Object, java.lang.Object, java.lang.Object)'> (0x00000000a244f650) 
thrown [s\open\src\hotspot\share\interpreter\linkResolver.cpp, line 804]
Event: 28.721 Thread 0x00000200e2a5b2c0 Exception <a 'java/lang/NoSuchMethodError'{0x00000000a245f7e8}: 'double java.lang.invoke.DelegatingMethodHandle$Holder.reinvoke_L(java.lang.Object, java.lang.Object, java.lang.Object)'> (0x00000000a245f7e8) 
thrown [s\open\src\hotspot\share\interpreter\linkResolver.cpp, line 804]
Event: 28.739 Thread 0x00000200e2a5b2c0 Exception <a 'sun/nio/fs/WindowsException'{0x00000000a24b2968}> (0x00000000a24b2968) 
thrown [s\open\src\hotspot\share\prims\jni.cpp, line 514]

VM Operations (20 events):
Event: 23.732 Executing non-safepoint VM operation: HandshakeAllThreads (Deoptimize) done
Event: 23.735 Executing non-safepoint VM operation: HandshakeAllThreads (Deoptimize)
Event: 23.735 Executing non-safepoint VM operation: HandshakeAllThreads (Deoptimize) done
Event: 23.843 Executing non-safepoint VM operation: HandshakeAllThreads (Deoptimize)
Event: 23.844 Executing non-safepoint VM operation: HandshakeAllThreads (Deoptimize) done
Event: 24.203 Executing non-safepoint VM operation: HandshakeAllThreads (Deoptimize)
Event: 24.203 Executing non-safepoint VM operation: HandshakeAllThreads (Deoptimize) done
Event: 24.457 Executing non-safepoint VM operation: HandshakeAllThreads (Deoptimize)
Event: 24.457 Executing non-safepoint VM operation: HandshakeAllThreads (Deoptimize) done
Event: 24.487 Executing non-safepoint VM operation: HandshakeAllThreads (Deoptimize)
Event: 24.487 Executing non-safepoint VM operation: HandshakeAllThreads (Deoptimize) done
Event: 24.885 Executing non-safepoint VM operation: HandshakeAllThreads (Deoptimize)
Event: 24.885 Executing non-safepoint VM operation: HandshakeAllThreads (Deoptimize) done
Event: 27.538 Executing non-safepoint VM operation: HandshakeAllThreads (Deoptimize)
Event: 27.538 Executing non-safepoint VM operation: HandshakeAllThreads (Deoptimize) done
Event: 28.254 Executing non-safepoint VM operation: HandshakeAllThreads (Deoptimize)
Event: 28.254 Executing non-safepoint VM operation: HandshakeAllThreads (Deoptimize) done
Event: 28.386 Executing non-safepoint VM operation: HandshakeAllThreads (Deoptimize)
Event: 28.386 Executing non-safepoint VM operation: HandshakeAllThreads (Deoptimize) done
Event: 28.769 Executing safepoint VM operation: Exit

Memory protections (0 events):
No events

Nmethod flushes (20 events):
Event: 21.078 Thread 0x00000200e2af66c0 flushing  nmethod 0x00000200ec234e88
Event: 21.078 Thread 0x00000200e2af66c0 flushing  nmethod 0x00000200ec235488
Event: 21.078 Thread 0x00000200e2af66c0 flushing  nmethod 0x00000200ec235788
Event: 21.078 Thread 0x00000200e2af66c0 flushing  nmethod 0x00000200ec235b88
Event: 21.078 Thread 0x00000200e2af66c0 flushing  nmethod 0x00000200ec236388
Event: 21.078 Thread 0x00000200e2af66c0 flushing  nmethod 0x00000200ec236d08
Event: 21.078 Thread 0x00000200e2af66c0 flushing  nmethod 0x00000200ec237188
Event: 21.078 Thread 0x00000200e2af66c0 flushing  nmethod 0x00000200ec237588
Event: 21.078 Thread 0x00000200e2af66c0 flushing  nmethod 0x00000200ec242f08
Event: 21.078 Thread 0x00000200e2af66c0 flushing  nmethod 0x00000200ec243208
Event: 21.078 Thread 0x00000200e2af66c0 flushing  nmethod 0x00000200ec243508
Event: 21.078 Thread 0x00000200e2af66c0 flushing  nmethod 0x00000200ec244408
Event: 21.078 Thread 0x00000200e2af66c0 flushing  nmethod 0x00000200ec244a88
Event: 21.078 Thread 0x00000200e2af66c0 flushing  nmethod 0x00000200ec245108
Event: 21.078 Thread 0x00000200e2af66c0 flushing  nmethod 0x00000200ec255a08
Event: 21.078 Thread 0x00000200e2af66c0 flushing  nmethod 0x00000200ec255f08
Event: 21.078 Thread 0x00000200e2af66c0 flushing  nmethod 0x00000200ec256208
Event: 21.078 Thread 0x00000200e2af66c0 flushing  nmethod 0x00000200ec256508
Event: 21.078 Thread 0x00000200e2af66c0 flushing  nmethod 0x00000200ec257988
Event: 21.078 Thread 0x00000200e2af66c0 flushing  nmethod 0x00000200ec277808

Events (20 events):
Event: 23.659 Thread 0x00000200fff4ca60 Thread added: 0x0000020084c2ce90
Event: 23.659 Thread 0x0000020084c29010 Thread added: 0x0000020084c29fb0
Event: 23.661 Thread 0x0000020084c2af50 Thread added: 0x0000020084c2c6c0
Event: 23.662 Thread 0x0000020084c2ce90 Thread exited: 0x0000020084c2ce90
Event: 23.662 Thread 0x0000020084c29fb0 Thread exited: 0x0000020084c29fb0
Event: 23.663 Thread 0x0000020084c2c6c0 Thread exited: 0x0000020084c2c6c0
Event: 23.733 Thread 0x00000200fff4ca60 Thread added: 0x0000020084c29fb0
Event: 25.911 Thread 0x00000200881c02b0 Thread exited: 0x00000200881c02b0
Event: 25.912 Thread 0x00000200881bf290 Thread exited: 0x00000200881bf290
Event: 26.053 Thread 0x00000200fff2e8c0 Thread added: 0x00000200857d3f20
Event: 26.811 Thread 0x00000200e2a5b2c0 Thread added: 0x0000020088bba810
Event: 27.662 Thread 0x00000200857d3f20 Thread exited: 0x00000200857d3f20
Event: 28.087 Thread 0x00000200fff2e8c0 Thread added: 0x00000200857d3f20
Event: 28.754 Thread 0x00000200e2a5b2c0 Thread added: 0x0000020089eb5a00
Event: 28.754 Thread 0x00000200e2a5b2c0 Thread added: 0x0000020089eb4a60
Event: 28.754 Thread 0x00000200e2a5b2c0 Thread added: 0x0000020089eb3ac0
Event: 28.755 Thread 0x0000020089eb4a60 Thread exited: 0x0000020089eb4a60
Event: 28.756 Thread 0x0000020089eb3ac0 Thread exited: 0x0000020089eb3ac0
Event: 28.768 Thread 0x0000020089eb5a00 Thread exited: 0x0000020089eb5a00
Event: 28.768 Thread 0x00000200e2a5b2c0 Before exit entered


Dynamic libraries:
0x00007ff725f00000 - 0x00007ff725f10000 	C:\Program Files\Java\jdk-26.0.1\bin\java.exe
0x00007ff86ed00000 - 0x00007ff86ef67000 	C:\WINDOWS\SYSTEM32\ntdll.dll
0x00007ff86d840000 - 0x00007ff86d909000 	C:\WINDOWS\System32\KERNEL32.DLL
0x00007ff86b7e0000 - 0x00007ff86bbd7000 	C:\WINDOWS\System32\KERNELBASE.dll
0x00007ff86bea0000 - 0x00007ff86bfeb000 	C:\WINDOWS\System32\ucrtbase.dll
0x00007ff843230000 - 0x00007ff843247000 	C:\Program Files\Java\jdk-26.0.1\bin\jli.dll
0x00007ff8409c0000 - 0x00007ff8409de000 	C:\Program Files\Java\jdk-26.0.1\bin\VCRUNTIME140.dll
0x00007ff86ccb0000 - 0x00007ff86ce76000 	C:\WINDOWS\System32\USER32.dll
0x00007ff86c860000 - 0x00007ff86c887000 	C:\WINDOWS\System32\win32u.dll
0x00007ff86dbb0000 - 0x00007ff86dbdb000 	C:\WINDOWS\System32\GDI32.dll
0x00007ff86c950000 - 0x00007ff86ca7c000 	C:\WINDOWS\System32\gdi32full.dll
0x00007ff85dc70000 - 0x00007ff85df02000 	C:\WINDOWS\WinSxS\amd64_microsoft.windows.common-controls_6595b64144ccf1df_6.0.26100.8457_none_3e0b2faee331e92d\COMCTL32.dll
0x00007ff86b730000 - 0x00007ff86b7d3000 	C:\WINDOWS\System32\msvcp_win.dll
0x00007ff86dd80000 - 0x00007ff86de29000 	C:\WINDOWS\System32\msvcrt.dll
0x00007ff86ec30000 - 0x00007ff86ec62000 	C:\WINDOWS\System32\IMM32.DLL
0x00007ff85db60000 - 0x00007ff85db6c000 	C:\Program Files\Java\jdk-26.0.1\bin\vcruntime140_1.dll
0x00007ff8368e0000 - 0x00007ff83696d000 	C:\Program Files\Java\jdk-26.0.1\bin\msvcp140.dll
0x00007ffffb130000 - 0x00007ffffbffe000 	C:\Program Files\Java\jdk-26.0.1\bin\server\jvm.dll
0x00007ff86d910000 - 0x00007ff86d9c6000 	C:\WINDOWS\System32\ADVAPI32.dll
0x00007ff86ce80000 - 0x00007ff86cf27000 	C:\WINDOWS\System32\sechost.dll
0x00007ff86cb90000 - 0x00007ff86cca8000 	C:\WINDOWS\System32\RPCRT4.dll
0x00007ff86dc50000 - 0x00007ff86dcd0000 	C:\WINDOWS\System32\WS2_32.dll
0x00007ff86b590000 - 0x00007ff86b5ee000 	C:\WINDOWS\SYSTEM32\POWRPROF.dll
0x00007ff863ae0000 - 0x00007ff863aeb000 	C:\WINDOWS\SYSTEM32\VERSION.dll
0x00007ff85af40000 - 0x00007ff85af76000 	C:\WINDOWS\SYSTEM32\WINMM.dll
0x00007ff86b570000 - 0x00007ff86b584000 	C:\WINDOWS\SYSTEM32\UMPDC.dll
0x00007ff86a490000 - 0x00007ff86a4ab000 	C:\WINDOWS\SYSTEM32\kernel.appcore.dll
0x00007ff8595b0000 - 0x00007ff8595ba000 	C:\Program Files\Java\jdk-26.0.1\bin\jimage.dll
0x00007ff85a3b0000 - 0x00007ff85a5f2000 	C:\WINDOWS\SYSTEM32\DBGHELP.DLL
0x00007ff86d1b0000 - 0x00007ff86d533000 	C:\WINDOWS\System32\combase.dll
0x00007ff86d0d0000 - 0x00007ff86d1a9000 	C:\WINDOWS\System32\OLEAUT32.dll
0x00007ff866eb0000 - 0x00007ff866eeb000 	C:\WINDOWS\SYSTEM32\dbgcore.DLL
0x00007ff86bbe0000 - 0x00007ff86bc88000 	C:\WINDOWS\System32\bcryptPrimitives.dll
0x00007ff8409a0000 - 0x00007ff8409bf000 	C:\Program Files\Java\jdk-26.0.1\bin\java.dll
0x00007ff86cf30000 - 0x00007ff86d0c7000 	C:\WINDOWS\System32\ole32.dll
0x00007ff86de30000 - 0x00007ff86e59e000 	C:\WINDOWS\System32\SHELL32.dll
0x00007ff86bff0000 - 0x00007ff86c85c000 	C:\WINDOWS\System32\windows.storage.dll
0x00007ff86d740000 - 0x00007ff86d836000 	C:\WINDOWS\System32\SHCORE.dll
0x00007ff86dbe0000 - 0x00007ff86dc46000 	C:\WINDOWS\System32\shlwapi.dll
0x00007ff86b650000 - 0x00007ff86b679000 	C:\WINDOWS\SYSTEM32\profapi.dll
0x00007ff840160000 - 0x00007ff840172000 	C:\Program Files\Java\jdk-26.0.1\bin\net.dll
0x00007ff86aa30000 - 0x00007ff86aa9c000 	C:\WINDOWS\system32\mswsock.dll
0x00007ff83fd00000 - 0x00007ff83fd16000 	C:\Program Files\Java\jdk-26.0.1\bin\nio.dll
0x00007ff83f960000 - 0x00007ff83f977000 	C:\Program Files\Java\jdk-26.0.1\bin\zip.dll
0x00007ff858f30000 - 0x00007ff858f3a000 	C:\Program Files\Java\jdk-26.0.1\bin\management.dll
0x00007ff84bbc0000 - 0x00007ff84bbcc000 	C:\Program Files\Java\jdk-26.0.1\bin\management_ext.dll
0x00007ff86cb00000 - 0x00007ff86cb08000 	C:\WINDOWS\System32\PSAPI.DLL
0x00007ff826b50000 - 0x00007ff826b68000 	C:\WINDOWS\system32\napinsp.dll
0x00007ff869f00000 - 0x00007ff86a032000 	C:\WINDOWS\SYSTEM32\DNSAPI.dll
0x00007ff869e70000 - 0x00007ff869ea2000 	C:\WINDOWS\SYSTEM32\IPHLPAPI.DLL
0x00007ff86dce0000 - 0x00007ff86dcea000 	C:\WINDOWS\System32\NSI.dll
0x00007ff826c90000 - 0x00007ff826ca3000 	C:\WINDOWS\System32\winrnr.dll
0x00007ff826b70000 - 0x00007ff826b92000 	C:\WINDOWS\system32\nlansp_c.dll
0x00007ff8653f0000 - 0x00007ff865406000 	C:\WINDOWS\system32\wshbth.dll
0x00007ff85a3a0000 - 0x00007ff85a3ab000 	C:\Windows\System32\rasadhlp.dll
0x00007ff85fe80000 - 0x00007ff85ff06000 	C:\WINDOWS\System32\fwpuclnt.dll
0x00007ff841c80000 - 0x00007ff841c90000 	C:\Program Files\Java\jdk-26.0.1\bin\verify.dll
0x00007ff86ad10000 - 0x00007ff86ad2b000 	C:\WINDOWS\SYSTEM32\CRYPTSP.dll
0x00007ff86a3f0000 - 0x00007ff86a429000 	C:\WINDOWS\system32\rsaenh.dll
0x00007ff86aae0000 - 0x00007ff86ab13000 	C:\WINDOWS\SYSTEM32\USERENV.dll
0x00007ff86b620000 - 0x00007ff86b64a000 	C:\WINDOWS\SYSTEM32\bcrypt.dll
0x00007ff86ad30000 - 0x00007ff86ad3c000 	C:\WINDOWS\SYSTEM32\CRYPTBASE.dll
0x00007ff841480000 - 0x00007ff8414c9000 	C:\Users\Vex4D\AppData\Local\Temp\jna-82548697\jna170403840182062305.dll
0x00007ff86d680000 - 0x00007ff86d72e000 	C:\WINDOWS\System32\clbcatq.dll
0x00007ff84cca0000 - 0x00007ff84ccbd000 	C:\WINDOWS\SYSTEM32\amsi.dll
0x00007ff84cbf0000 - 0x00007ff84cc93000 	C:\ProgramData\Microsoft\Windows Defender\Platform\4.18.26040.7-0\MpOav.dll
0x00007ff859120000 - 0x00007ff859176000 	C:\WINDOWS\SYSTEM32\Pdh.dll
0x00007ff85da40000 - 0x00007ff85da51000 	C:\WINDOWS\System32\perfos.dll
0x00007ff8670e0000 - 0x00007ff8670f2000 	C:\WINDOWS\SYSTEM32\pfclient.dll
0x00007ff83ff50000 - 0x00007ff83ff5e000 	C:\Program Files\Java\jdk-26.0.1\bin\sunmscapi.dll
0x00007ff86bc90000 - 0x00007ff86be08000 	C:\WINDOWS\System32\CRYPT32.dll
0x00007ff86af30000 - 0x00007ff86af60000 	C:\WINDOWS\SYSTEM32\ncrypt.dll
0x00007ff86aee0000 - 0x00007ff86af1f000 	C:\WINDOWS\SYSTEM32\NTASN1.dll
0x00007ff847180000 - 0x00007ff847189000 	C:\Program Files\Java\jdk-26.0.1\bin\extnet.dll
0x00007ff85cd70000 - 0x00007ff85cf4d000 	C:\WINDOWS\system32\urlmon.dll
0x00007ff85caa0000 - 0x00007ff85cd64000 	C:\WINDOWS\SYSTEM32\iertutil.dll
0x00007ff85ca70000 - 0x00007ff85ca99000 	C:\WINDOWS\SYSTEM32\srvcli.dll
0x00007ff869e60000 - 0x00007ff869e6d000 	C:\WINDOWS\SYSTEM32\netutils.dll
0x00007ff8183e0000 - 0x00007ff818464000 	C:\Users\Vex4D\AppData\Local\Temp\lwjgl_Vex4D\3.4.1-snapshot\x64\lwjgl.dll
0x00007ff80de50000 - 0x00007ff80deda000 	C:\Users\Vex4D\AppData\Local\Temp\lwjgl_Vex4D\3.4.1-snapshot\x64\glfw.dll
0x00007ffff3860000 - 0x00007ffff3ad0000 	C:\Users\Vex4D\AppData\Local\Temp\lwjgl_Vex4D\3.4.1-snapshot\x64\jemalloc.dll
0x00007ff83f890000 - 0x00007ff83f8db000 	C:\WINDOWS\SYSTEM32\dinput8.dll
0x00007ff841a20000 - 0x00007ff841a3c000 	C:\WINDOWS\SYSTEM32\xinput1_4.dll
0x00007ff86b2a0000 - 0x00007ff86b2f1000 	C:\WINDOWS\SYSTEM32\cfgmgr32.dll
0x00007ff86b270000 - 0x00007ff86b29d000 	C:\WINDOWS\SYSTEM32\DEVOBJ.dll
0x00007ff8576b0000 - 0x00007ff857893000 	C:\WINDOWS\SYSTEM32\inputhost.dll
0x00007ff868d10000 - 0x00007ff868e37000 	C:\WINDOWS\SYSTEM32\CoreMessaging.dll
0x00007ff8694b0000 - 0x00007ff8694df000 	C:\WINDOWS\SYSTEM32\dwmapi.dll
0x00007ff869210000 - 0x00007ff8692ba000 	C:\WINDOWS\system32\uxtheme.dll
0x00007ff86ea40000 - 0x00007ff86eb9c000 	C:\WINDOWS\System32\MSCTF.dll
0x00007ff84e9c0000 - 0x00007ff84eacf000 	C:\WINDOWS\SYSTEM32\opengl32.dll
0x00007ff851c40000 - 0x00007ff851c6d000 	C:\WINDOWS\SYSTEM32\GLU32.dll
0x00007ff8692f0000 - 0x00007ff869335000 	C:\WINDOWS\SYSTEM32\dxcore.dll
0x00007ff8669b0000 - 0x00007ff866a11000 	C:\WINDOWS\SYSTEM32\directxdatabasehelper.dll
0x00007ff84f600000 - 0x00007ff84f61d000 	C:\WINDOWS\SYSTEM32\windows.staterepositorycore.dll
0x00007fffed630000 - 0x00007fffee5a0000 	C:\WINDOWS\System32\DriverStore\FileRepository\iigd_dch.inf_amd64_1551b10df637e1f1\ig11icd64.dll
0x00007ff869340000 - 0x00007ff86947e000 	C:\WINDOWS\system32\dxgi.dll
0x00007ff861280000 - 0x00007ff8635fd000 	C:\WINDOWS\System32\DriverStore\FileRepository\iigd_dch.inf_amd64_1551b10df637e1f1\igc64.dll
0x00007ff863980000 - 0x00007ff863ad4000 	C:\WINDOWS\System32\DriverStore\FileRepository\iigd_dch.inf_amd64_1551b10df637e1f1\igdgmm64.dll
0x00007ff857560000 - 0x00007ff8576a6000 	C:\WINDOWS\SYSTEM32\textinputframework.dll
0x00007ff822e20000 - 0x00007ff822e7c000 	C:\Users\Vex4D\AppData\Local\Temp\lwjgl_Vex4D\3.4.1-snapshot\x64\lwjgl_opengl.dll
0x00007ff84dfb0000 - 0x00007ff84dfc2000 	C:\WINDOWS\system32\wbem\wbemprox.dll
0x00007ff8523e0000 - 0x00007ff85245a000 	C:\WINDOWS\SYSTEM32\wbemcomn.dll
0x00007ff84cf50000 - 0x00007ff84cf65000 	C:\WINDOWS\system32\wbem\wbemsvc.dll
0x00007ff84cfe0000 - 0x00007ff84d0d0000 	C:\WINDOWS\system32\wbem\fastprox.dll
0x00007ff8080e0000 - 0x00007ff80817a000 	C:\Users\Vex4D\AppData\Local\Temp\lwjgl_Vex4D\3.4.1-snapshot\x64\lwjgl_stb.dll
0x00007ff865b10000 - 0x00007ff865bcf000 	C:\WINDOWS\SYSTEM32\mscms.dll
0x00007ff83fcb0000 - 0x00007ff83fcf9000 	C:\WINDOWS\SYSTEM32\icm32.dll
0x00007ffff3580000 - 0x00007ffff3852000 	C:\Users\Vex4D\AppData\Local\Temp\lwjgl_Vex4D\3.4.1-snapshot\x64\OpenAL.dll
0x00007ff8664f0000 - 0x00007ff8664fb000 	C:\WINDOWS\SYSTEM32\AVRT.dll
0x00007ff85f420000 - 0x00007ff85f4b9000 	C:\WINDOWS\System32\MMDevApi.dll

JVMTI agents: none

dbghelp: loaded successfully - version: 4.0.5 - missing functions: none
symbol engine: initialized successfully - sym options: 0x614 - pdb path: .;C:\Program Files\Java\jdk-26.0.1\bin;C:\WINDOWS\SYSTEM32;C:\WINDOWS\WinSxS\amd64_microsoft.windows.common-controls_6595b64144ccf1df_6.0.26100.8457_none_3e0b2faee331e92d;C:\Program Files\Java\jdk-26.0.1\bin\server;C:\Users\Vex4D\AppData\Local\Temp\jna-82548697;C:\ProgramData\Microsoft\Windows Defender\Platform\4.18.26040.7-0;C:\Users\Vex4D\AppData\Local\Temp\lwjgl_Vex4D\3.4.1-snapshot\x64;C:\WINDOWS\System32\DriverStore\FileRepository\iigd_dch.inf_amd64_1551b10df637e1f1;C:\WINDOWS\system32\wbem

VM Arguments:
jvm_args: -Dfabric.dli.config=C:\Users\Vex4D\OneDrive\Documents\archoptimize\versions\26.1.2\.gradle\loom-cache\launch.cfg -Dfabric.dli.env=client -Dfabric.dli.main=net.fabricmc.loader.impl.launch.knot.KnotClient --sun-misc-unsafe-memory-access=allow --enable-native-access=ALL-UNNAMED -Dfile.encoding=UTF-8 -Duser.country=US -Duser.language=en -Duser.variant 
java_command: net.fabricmc.devlaunchinjector.Main
java_class_path (initial): C:\Users\Vex4D\OneDrive\Documents\archoptimize\versions\26.1.2\build\classes\java\client;C:\Users\Vex4D\OneDrive\Documents\archoptimize\versions\26.1.2\build\resources\client;C:\Users\Vex4D\.gradle\caches\modules-2\files-2.1\net.fabricmc.fabric-api\fabric-api\0.145.4+26.1.2\f6a5958eae1644ce8e8622b513bc6a795594675b\fabric-api-0.145.4+26.1.2.jar;C:\Users\Vex4D\.gradle\caches\modules-2\files-2.1\net.fabricmc\fabric-loader\0.18.6\b823a25197a42c7f32bb904f187cd05730e8873c\fabric-loader-0.18.6.jar;C:\Users\Vex4D\.gradle\caches\modules-2\files-2.1\org.ow2.asm\asm\9.9\c29635c8a7afa03d74b33c1884df8abb2b3f3dcc\asm-9.9.jar;C:\Users\Vex4D\.gradle\caches\modules-2\files-2.1\org.ow2.asm\asm-analysis\9.9\bf4fa6e66638851c1cd22c2caea0c3ee5d5f437\asm-analysis-9.9.jar;C:\Users\Vex4D\.gradle\caches\modules-2\files-2.1\org.ow2.asm\asm-commons\9.9\db9165a3bf908ded6b08612d583a15d1d0c7bda0\asm-commons-9.9.jar;C:\Users\Vex4D\.gradle\caches\modules-2\files-2.1\org.ow2.asm\asm-tree\9.9\f8de6eead6d24dd0f45bd065bbe112b2cda6ea21\asm-tree-9.9.jar;C:\Users\Vex4D\.gradle\caches\modules-2\files-2.1\org.ow2.asm\asm-util\9.9\42fdfc0508b43807c8078d6e82ecff2ce2112ae8\asm-util-9.9.jar;C:\Users\Vex4D\.gradle\caches\modules-2\files-2.1\net.fabricmc\sponge-mixin\0.17.0+mixin.0.8.7\cf31463202f72d03b0ef1e1e38e8ee71b7faaab6\sponge-mixin-0.17.0+mixin.0.8.7.jar;C:\Users\Vex4D\.gradle\caches\modules-2\files-2.1\io.github.llamalad7\mixinextras-fabric\0.5.3\8ee5af001acbc9f7970e383bdf0944d063c80f63\mixinextras-fabric-0.5.3.jar;C:\Users\Vex4D\.gradle\caches\modules-2\files-2.1\net.fabricmc\dev-launch-injector\0.2.1+build.8\da8bef7e6e2f952da707f282bdb46882a0fce5e3\dev-launch-injector-0.2.1+build.8.jar;C:\Users\Vex4D\.gradle\caches\modules-2\files-2.1\net.fabricmc\fabric-log4j-util\1.0.2\ef0b3fb613356feb75a67d54f2fad6f03a006648\fabric-log4j-util-1.0.2.jar;C:\Users\Vex4D\.gradle\caches\modules-2\files-2.1\at.yawk.lz4\lz4-java\1.10.1\f541d7f910fe3d76f38f799c507c48cc81b12ecb\lz4-java-1.10.1.jar;C:\Users\Vex4D\.gradle\caches\modules-2\files-2.1\com.azure\azure-json\1.4.0\fcc1d354dbc3e0300e5276b1bf124d0247799cd8\azure-json-1.4.0.jar;C:\Users\Vex4D\.gradle\caches\modules-2\files-2.1\com.github.oshi\oshi-core\6.9.0\3224870731860cfcd7744581a05b559e94291e7\oshi-core-6.9.0.jar;C:\Users\Vex4D\.gradle\caches\modules-2\files-2.1\com.google.code.gson\gson\2.13.2\48b8230771e573b54ce6e867a9001e75977fe78e\gson-2.13.2.jar;C:\Users\Vex4D\.gradle\caches\modules-2\files-2.1\com.google.guava\failureaccess\1.0.3\aeaffd00d57023a2c947393ed251f0354f0985fc\failureaccess-1.0.3.jar;C:\Users\Vex4D\.gradle\caches\modules-2\files-2.1\com.google.guava\guava\33.5.0-jre\8699de25f2f979108d6c1b804a7ba38cda1116bc\guava-33.5.0-jre.jar;C:\Users\Vex4D\.gradle\caches\modules-2\files-2.1\com.ibm.icu\icu4j\77.1\38693cf0b1d7362a8b726af74dc06026a7c23809\icu4j-77.1.jar;C:\Users\Vex4D\.gradle\caches\modules-2\files-2.1\com.microsoft.azure\msal4j\1.23.1\6c722b514873b24a4e1ce9c22dca36ea3c22bdbe\msal4j-1.23.1.jar;C:\Users\Vex4D\.gradle\caches\modules-2\files-2.1\com.mojang\authlib\7.0.63\54895b4e25e8b9b4cbbbe25f24eccf2b71b1ac2b\authlib-7.0.63.jar;C:\Users\Vex4D\.gradle\caches\modules-2\files-2.1\com.mojang\blocklist\1.0.10\5c685c5ffa94c4cd39496c7184c1d122e515ecef\blocklist-1.0.10.jar;C:\Users\Vex4D\.gradle\caches\modules-2\files-2.1\com.mojang\brigadier\1.3.10\d15b53a14cf20fdcaa98f731af5dda654452c010\brigadier-1.3.10.jar;C:\Users\Vex4D\.gradle\caches\modules-2\files-2.1\com.mojang\datafixerupper\9.0.19\4e91f9712fa1e83231d1501625381b0210a977da\datafixerupper-9.0.19.jar;C:\Users\Vex4D\.gradle\caches\modules-2\files-2.1\com.mojang\jtracy\1.0.37\a3fb649b2e2b2288d2978f0b0bc3d83f62809d1e\jtracy-1.0.37.jar;C:\Users\Vex4D\.gradle\caches\modules-2\files-2.1\com.mojang\jtracy\1.0.37\6ff6d710fd4ffd470f2799653fab57e27fed0c9d\jtracy-1.0.37-natives-windows.jar;C:\Users\Vex4D\.gradle\caches\modules-2\files-2.1\com.mojang\logging\1.6.11\fd147240733010c158249d986323f9ef98977fe\logging-1.6.11.jar;C:\Users\Vex4D\.gradle\caches\modules-2\files-2.1\com.mojang\patchy\2.2.10\da05971b07cbb379d002cf7eaec6a2048211fefc\patchy-2.2.10.jar;C:\Users\Vex4D\.gradle\caches\modules-2\files-2.1\com.mojang\text2speech\1.18.11\e853a12cdd6ba4f4836e8f4bf3b37844a13482b6\text2speech-1.18.11.jar;C:\Users\Vex4D\.gradle\caches\modules-2\files-2.1\commons-codec\commons-codec\1.19.0\8c0dbe3ae883fceda9b50a6c76e745e548073388\commons-codec-1.19.0.jar;C:\Users\Vex4D\.gradle\caches\modules-2\files-2.1\commons-io\commons-io\2.20.0\36f3474daec2849c149e877614e7f979b2082cd2\commons-io-2.20.0.jar;C:\Users\Vex4D\.gradle\caches\modules-2\files-2.1\io.netty\netty-buffer\4.2.7.Final\5555ff561643bf2f8430fb57c24403c0efe15994\netty-buffer-4.2.7.Final.jar;C:\Users\Vex4D\.gradle\caches\modules-2\files-2.1\io.netty\netty-codec-base\4.2.7.Final\915e381ebabcf115f1c7ff7032d55c48afb50210\netty-codec-base-4.2.7.Final.jar;C:\Users\Vex4D\.gradle\caches\modules-2\files-2.1\io.netty\netty-codec-compression\4.2.7.Final\572341bc1ca90fd9d6e47f1d2694aab5258566e9\netty-codec-compression-4.2.7.Final.jar;C:\Users\Vex4D\.gradle\caches\modules-2\files-2.1\io.netty\netty-codec-http\4.2.7.Final\b734c108854099c421fd94d92d9f865e4d4da853\netty-codec-http-4.2.7.Final.jar;C:\Users\Vex4D\.gradle\caches\modules-2\files-2.1\io.netty\netty-common\4.2.7.Final\11aa30df26af4fca3239ac1917f303a280f301e1\netty-common-4.2.7.Final.jar;C:\Users\Vex4D\.gradle\caches\modules-2\files-2.1\io.netty\netty-handler\4.2.7.Final\7ad8a1f851e2e6fe93cdd091871fda2b81c03b5b\netty-handler-4.2.7.Final.jar;C:\Users\Vex4D\.gradle\caches\modules-2\files-2.1\io.netty\netty-resolver\4.2.7.Final\5f3e5ef8de03992cd4fb46960dc0085ec1a12a12\netty-resolver-4.2.7.Final.jar;C:\Users\Vex4D\.gradle\caches\modules-2\files-2.1\io.netty\netty-transport-classes-epoll\4.2.7.Final\1075c09f48a78eef9d819fbfd9096b903fdd362a\netty-transport-classes-epoll-4.2.7.Final.jar;C:\Users\Vex4D\.gradle\caches\modules-2\files-2.1\io.netty\netty-transport-classes-kqueue\4.2.7.Final\bdec7c23c75caabd848426d073c09568e8d5f94e\netty-transport-classes-kqueue-4.2.7.Final.jar;C:\Users\Vex4D\.gradle\caches\modules-2\files-2.1\io.netty\netty-transport-native-unix-common\4.2.7.Final\89953f04259ea7502cffb313630dd51e00e60669\netty-transport-native-unix-common-4.2.7.Final.jar;C:\Users\Vex4D\.gradle\caches\modules-2\files-2.1\io.netty\netty-transport\4.2.7.Final\83ea548981d0d8c4a98027cc1a6f9624f902e142\netty-transport-4.2.7.Final.jar;C:\Users\Vex4D\.gradle\caches\modules-2\files-2.1\it.unimi.dsi\fastutil\8.5.18\a6cff377eecc19c2037bf31568a6d7106b50ba1f\fastutil-8.5.18.jar;C:\Users\Vex4D\.gradle\caches\modules-2\files-2.1\net.java.dev.jna\jna-platform\5.17.0\a4934c44d25a9d8c2ddf4203affd20330cb3426f\jna-platform-5.17.0.jar;C:\Users\Vex4D\.gradle\caches\modules-2\files-2.1\net.java.dev.jna\jna\5.17.0\33d12735bef894440780fce64f9758d420c7bae2\jna-5.17.0.jar;C:\Users\Vex4D\.gradle\caches\modules-2\files-2.1\net.sf.jopt-simple\jopt-simple\5.0.4\4fdac2fbe92dfad86aa6e9301736f6b4342a3f5c\jopt-simple-5.0.4.jar;C:\Users\Vex4D\.gradle\caches\modules-2\files-2.1\org.apache.commons\commons-compress\1.28.0\e482f2c7a88dac3c497e96aa420b6a769f59c8d7\commons-compress-1.28.0.jar;C:\Users\Vex4D\.gradle\caches\modules-2\files-2.1\org.apache.commons\commons-lang3\3.19.0\d6524b169a6574cd253760c472d419b47bfd37e6\commons-lang3-3.19.0.jar;C:\Users\Vex4D\.gradle\caches\modules-2\files-2.1\org.apache.logging.log4j\log4j-api\2.25.2\292c1a2b1702f1e1e3adb13e1c57e5bff60335ff\log4j-api-2.25.2.jar;C:\Users\Vex4D\.gradle\caches\modules-2\files-2.1\org.apache.logging.log4j\log4j-core\2.25.2\d4d0ad2e51e03e531f784891fbfff1bae1e13a12\log4j-core-2.25.2.jar;C:\Users\Vex4D\.gradle\caches\modules-2\files-2.1\org.apache.logging.log4j\log4j-slf4j2-impl\2.25.2\5eec0c392661dee8a366baec17e8896900dd978f\log4j-slf4j2-impl-2.25.2.jar;C:\Users\Vex4D\.gradle\caches\modules-2\files-2.1\org.jcraft\jorbis\0.0.17\8872d22b293e8f5d7d56ff92be966e6dc28ebdc6\jorbis-0.0.17.jar;C:\Users\Vex4D\.gradle\caches\modules-2\files-2.1\org.joml\joml\1.10.8\fc0a71dad90a2cf41d82a76156a0e700af8e4f8d\joml-1.10.8.jar;C:\Users\Vex4D\.gradle\caches\modules-2\files-2.1\org.jspecify\jspecify\1.0.0\7425a601c1c7ec76645a78d22b8c6a627edee507\jspecify-1.0.0.jar;C:\Users\Vex4D\.gradle\caches\modules-2\files-2.1\org.lwjgl\lwjgl-freetype\3.4.1\caa75a37e857efc9b0686e434d708d6420c5b6ea\lwjgl-freetype-3.4.1.jar;C:\Users\Vex4D\.gradle\caches\modules-2\files-2.1\org.lwjgl\lwjgl-freetype\3.4.1\32fc9cfd236aca5433d53af78bfb15f1b4c1103e\lwjgl-freetype-3.4.1-natives-windows.jar;C:\Users\Vex4D\.gradle\caches\modules-2\files-2.1\org.lwjgl\lwjgl-freetype\3.4.1\a677b4a7bba84f925b4cc4f52a58c5248974bdeb\lwjgl-freetype-3.4.1-natives-windows-arm64.jar;C:\Users\Vex4D\.gradle\caches\modules-2\files-2.1\org.lwjgl\lwjgl-freetype\3.4.1\81431d868bcf162d4c915b9c39b2c7aae155ad4f\lwjgl-freetype-3.4.1-natives-windows-x86.jar;C:\Users\Vex4D\.gradle\caches\modules-2\files-2.1\org.lwjgl\lwjgl-glfw\3.4.1\a782b1ddd175c9107bf300fd92920579ea65e2a4\lwjgl-glfw-3.4.1.jar;C:\Users\Vex4D\.gradle\caches\modules-2\files-2.1\org.lwjgl\lwjgl-glfw\3.4.1\2eb4aa895ea190ba8cf4356f8cea24d3ebb40ea1\lwjgl-glfw-3.4.1-natives-windows.jar;C:\Users\Vex4D\.gradle\caches\modules-2\files-2.1\org.lwjgl\lwjgl-glfw\3.4.1\196101d96d9b2aa73264a96ae1dc8944a1446cee\lwjgl-glfw-3.4.1-natives-windows-arm64.jar;C:\Users\Vex4D\.gradle\caches\modules-2\files-2.1\org.lwjgl\lwjgl-glfw\3.4.1\a48bbdd544f00c88f8906e9d09e3f31bc1c17fac\lwjgl-glfw-3.4.1-natives-windows-x86.jar;C:\Users\Vex4D\.gradle\caches\modules-2\files-2.1\org.lwjgl\lwjgl-jemalloc\3.4.1\16b663092854fc6adfe0a941e61cae2bb2e437b6\lwjgl-jemalloc-3.4.1.jar;C:\Users\Vex4D\.gradle\caches\modules-2\files-2.1\org.lwjgl\lwjgl-jemalloc\3.4.1\70db8048d1aca8a6365f46f9963b8d6cd77b9e94\lwjgl-jemalloc-3.4.1-natives-windows.jar;C:\Users\Vex4D\.gradle\caches\modules-2\files-2.1\org.lwjgl\lwjgl-jemalloc\3.4.1\662e0926dd990f679e1cfb31d710d22d175bdabc\lwjgl-jemalloc-3.4.1-natives-windows-arm64.jar;C:\Users\Vex4D\.gradle\caches\modules-2\files-2.1\org.lwjgl\lwjgl-jemalloc\3.4.1\d8cf69e1155df83260f9bbe01944fe91f8ca3955\lwjgl-jemalloc-3.4.1-natives-windows-x86.jar;C:\Users\Vex4D\.gradle\caches\modules-2\files-2.1\org.lwjgl\lwjgl-openal\3.4.1\8508bd60589de0539aa465b78fcf838efd07ae9a\lwjgl-openal-3.4.1.jar;C:\Users\Vex4D\.gradle\caches\modules-2\files-2.1\org.lwjgl\lwjgl-openal\3.4.1\8e83fdfdf65c80c9877c6fb6cb645d239ed7638\lwjgl-openal-3.4.1-natives-windows.jar;C:\Users\Vex4D\.gradle\caches\modules-2\files-2.1\org.lwjgl\lwjgl-openal\3.4.1\4b996cc3321a807ee34e7ce53aba7fe529dc485a\lwjgl-openal-3.4.1-natives-windows-arm64.jar;C:\Users\Vex4D\.gradle\caches\modules-2\files-2.1\org.lwjgl\lwjgl-openal\3.4.1\9e4bab87e9b89876fa77ea3c19e1b45334b97c10\lwjgl-openal-3.4.1-natives-windows-x86.jar;C:\Users\Vex4D\.gradle\caches\modules-2\files-2.1\org.lwjgl\lwjgl-opengl\3.4.1\830412cab823c029cda6b9729f9d2ed36cf79959\lwjgl-opengl-3.4.1.jar;C:\Users\Vex4D\.gradle\caches\modules-2\files-2.1\org.lwjgl\lwjgl-opengl\3.4.1\617f37ef4e2ffb727bd5e74333e8073ef43ca1ec\lwjgl-opengl-3.4.1-natives-windows.jar;C:\Users\Vex4D\.gradle\caches\modules-2\files-2.1\org.lwjgl\lwjgl-opengl\3.4.1\4b6a9c5d7d5325312b740d9886087b7292b43bf9\lwjgl-opengl-3.4.1-natives-windows-arm64.jar;C:\Users\Vex4D\.gradle\caches\modules-2\files-2.1\org.lwjgl\lwjgl-opengl\3.4.1\cfd47352b758a0c9f7046de467b103182ec77eb1\lwjgl-opengl-3.4.1-natives-windows-x86.jar;C:\Users\Vex4D\.gradle\caches\modules-2\files-2.1\org.lwjgl\lwjgl-stb\3.4.1\f077c3dafc31924fbe8acb0b913f08977ba27f8e\lwjgl-stb-3.4.1.jar;C:\Users\Vex4D\.gradle\caches\modules-2\files-2.1\org.lwjgl\lwjgl-stb\3.4.1\b4e13ece83c228ecf57354639d8555076a989d74\lwjgl-stb-3.4.1-natives-windows.jar;C:\Users\Vex4D\.gradle\caches\modules-2\files-2.1\org.lwjgl\lwjgl-stb\3.4.1\7f4c39b3d56c7bae4900ee6e59d8f75432bdb18f\lwjgl-stb-3.4.1-natives-windows-arm64.jar;C:\Users\Vex4D\.gradle\caches\modules-2\files-2.1\org.lwjgl\lwjgl-stb\3.4.1\e091cd3b25ab7db88f0e34a0d2797dc396a528fa\lwjgl-stb-3.4.1-natives-windows-x86.jar;C:\Users\Vex4D\.gradle\caches\modules-2\files-2.1\org.lwjgl\lwjgl-tinyfd\3.4.1\562697d40dbd2ed0424bf24dcf65d51170f81adf\lwjgl-tinyfd-3.4.1.jar;C:\Users\Vex4D\.gradle\caches\modules-2\files-2.1\org.lwjgl\lwjgl-tinyfd\3.4.1\bdd8c03151cc94460247986f843d134ae8f9406a\lwjgl-tinyfd-3.4.1-natives-windows.jar;C:\Users\Vex4D\.gradle\caches\modules-2\files-2.1\org.lwjgl\lwjgl-tinyfd\3.4.1\9c93b8211856bfe682f3225ccac811e74243f98e\lwjgl-tinyfd-3.4.1-natives-windows-arm64.jar;C:\Users\Vex4D\.gradle\caches\modules-2\files-2.1\org.lwjgl\lwjgl-tinyfd\3.4.1\f585da74a17695ba38351697712c03784ee1348b\lwjgl-tinyfd-3.4.1-natives-windows-x86.jar;C:\Users\Vex4D\.gradle\caches\modules-2\files-2.1\org.lwjgl\lwjgl\3.4.1\6105690714874b995aa7812e4f7732a21109276c\lwjgl-3.4.1.jar;C:\Users\Vex4D\.gradle\caches\modules-2\files-2.1\org.lwjgl\lwjgl\3.4.1\96a217f0428ab73487f114a54179a4f41e851a04\lwjgl-3.4.1-natives-windows.jar;C:\Users\Vex4D\.gradle\caches\modules-2\files-2.1\org.lwjgl\lwjgl\3.4.1\d1d3a7052da47ccde2a5fdf3a1bd45d801c3157c\lwjgl-3.4.1-natives-windows-arm64.jar;C:\Users\Vex4D\.gradle\caches\modules-2\files-2.1\org.lwjgl\lwjgl\3.4.1\65de43bd52507e108a58247c0da57a50ce3ee6f6\lwjgl-3.4.1-natives-windows-x86.jar;C:\Users\Vex4D\.gradle\caches\modules-2\files-2.1\org.slf4j\slf4j-api\2.0.17\d9e58ac9c7779ba3bf8142aff6c830617a7fe60f\slf4j-api-2.0.17.jar;C:\Users\Vex4D\OneDrive\Documents\archoptimize\.gradle\loom-cache\minecraftMaven\net\minecraft\minecraft-clientOnly-a26c9a9f3c\26.1.2\minecraft-clientOnly-a26c9a9f3c-26.1.2.jar;C:\Users\Vex4D\OneDrive\Documents\archoptimize\.gradle\loom-cache\minecraftMaven\net\minecraft\minecraft-common-a26c9a9f3c\26.1.2\minecraft-common-a26c9a9f3c-26.1.2.jar;C:\Users\Vex4D\.gradle\caches\modules-2\files-2.1\io.netty\netty-transport-native-epoll\4.2.7.Final\e83998bfc10b5289d9bcbe807c4079ef0eed8e6f\netty-transport-native-epoll-4.2.7.Final-linux-x86_64.jar;C:\Users\Vex4D\.gradle\caches\modules-2\files-2.1\io.netty\netty-transport-native-epoll\4.2.7.Final\98d02251c98c8f07a23ac5ea27657d9e0ef57614\netty-transport-native-epoll-4.2.7.Final-linux-aarch_64.jar;C:\Users\Vex4D\.gradle\caches\modules-2\files-2.1\io.netty\netty-transport-native-kqueue\4.2.7.Final\40868fd4e43bce2798245f790624b58803dc26b6\netty-transport-native-kqueue-4.2.7.Final-osx-x86_64.jar;C:\Users\Vex4D\.gradle\caches\modules-2\files-2.1\io.netty\netty-transport-native-kqueue\4.2.7.Final\e5a0feef41410c8a5ae00c6cb4e0c99bd0aded6a\netty-transport-native-kqueue-4.2.7.Final-osx-aarch_64.jar;C:\Users\Vex4D\.gradle\caches\modules-2\files-2.1\net.fabricmc.fabric-api\fabric-transfer-api-v1\8.0.2+d871b99e39\91b9b1733feeb9234602e11b6144d2bc019bf4b0\fabric-transfer-api-v1-8.0.2+d871b99e39.jar;C:\Users\Vex4D\.gradle\caches\modules-2\files-2.1\net.fabricmc.fabric-api\fabric-api-lookup-api-v1\2.0.10+d5a053b639\b961c1555ea0947153d6b2d0138f7181b88747d\fabric-api-lookup-api-v1-2.0.10+d5a053b639.jar;C:\Users\Vex4D\.gradle\caches\modules-2\files-2.1\net.fabricmc.fabric-api\fabric-command-api-v2\3.0.5+e2bdee7839\10548ff2b7c417dfd62d46f7997bcab48f3853cd\fabric-command-api-v2-3.0.5+e2bdee7839.jar;C:\Users\Vex4D\.gradle\caches\modules-2\files-2.1\net.fabricmc.fabric-api\fabric-content-registries-v0\11.0.12+d871b99e39\d1463c10d511d2542482173d339e9cf5709043bd\fabric-content-registries-v0-11.0.12+d871b99e39.jar;C:\Users\Vex4D\.gradle\caches\modules-2\files-2.1\net.fabricmc.fabric-api\fabric-data-generation-api-v1\24.0.17+35c80edc39\d9f07782c42dbde190d6c07099d529ede41680a6\fabric-data-generation-api-v1-24.0.17+35c80edc39.jar;C:\Users\Vex4D\.gradle\caches\modules-2\files-2.1\net.fabricmc.fabric-api\fabric-convention-tags-v2\4.3.2+c37e6e5f39\4f46111a925877d1559c41f03223f06b4da3a715\fabric-convention-tags-v2-4.3.2+c37e6e5f39.jar;C:\Users\Vex4D\.gradle\caches\modules-2\files-2.1\net.fabricmc.fabric-api\fabric-creative-tab-api-v1\5.0.10+d871b99e39\8632530aae80afe84e60adcea9eed6d6e565df95\fabric-creative-tab-api-v1-5.0.10+d871b99e39.jar;C:\Users\Vex4D\.gradle\caches\modules-2\files-2.1\net.fabricmc.fabric-api\fabric-data-attachment-api-v1\2.2.3+d602a89639\e84f7afd85bb086cdc440e6e6a683a0cbb8b923d\fabric-data-attachment-api-v1-2.2.3+d602a89639.jar;C:\Users\Vex4D\.gradle\caches\modules-2\files-2.1\net.fabricmc.fabric-api\fabric-debug-api-v1\1.0.1+c792624d39\b9791fbdbee04e19b22683871085a2afa77ffd59\fabric-debug-api-v1-1.0.1+c792624d39.jar;C:\Users\Vex4D\.gradle\caches\modules-2\files-2.1\net.fabricmc.fabric-api\fabric-dimensions-v1\5.1.4+9cbf5da539\dbdfd36291b0d22031c64e1e55f8a2cb283e9337\fabric-dimensions-v1-5.1.4+9cbf5da539.jar;C:\Users\Vex4D\.gradle\caches\modules-2\files-2.1\net.fabricmc.fabric-api\fabric-entity-events-v1\5.0.2+e2bdee7839\4351ed2fcdfa0c8b7a3d2c36a46670ed461af3a0\fabric-entity-events-v1-5.0.2+e2bdee7839.jar;C:\Users\Vex4D\.gradle\caches\modules-2\files-2.1\net.fabricmc.fabric-api\fabric-events-interaction-v0\5.1.10+c82f046139\9b5b7d40f9bda0a9eb0ed595974c63bd077a2d23\fabric-events-interaction-v0-5.1.10+c82f046139.jar;C:\Users\Vex4D\.gradle\caches\modules-2\files-2.1\net.fabricmc.fabric-api\fabric-game-rule-api-v1\4.0.5+d871b99e39\a130ffc8d2f8d0966ff05742ee57d3f0b78289fc\fabric-game-rule-api-v1-4.0.5+d871b99e39.jar;C:\Users\Vex4D\.gradle\caches\modules-2\files-2.1\net.fabricmc.fabric-api\fabric-gametest-api-v1\4.0.13+00a1fba639\864fbcf8c4e74aa776fd06b5c11dc64bc31c860f\fabric-gametest-api-v1-4.0.13+00a1fba639.jar;C:\Users\Vex4D\.gradle\caches\modules-2\files-2.1\net.fabricmc.fabric-api\fabric-item-api-v1\14.1.0+9833182c39\8d76358ee41a297970aa5efbb3057e2e04d83e5d\fabric-item-api-v1-14.1.0+9833182c39.jar;C:\Users\Vex4D\.gradle\caches\modules-2\files-2.1\net.fabricmc.fabric-api\fabric-recipe-api-v1\9.0.13+be4b75ae39\8d5c45b18cc18cce01efb54835fa9ac09a4fe208\fabric-recipe-api-v1-9.0.13+be4b75ae39.jar;C:\Users\Vex4D\.gradle\caches\modules-2\files-2.1\net.fabricmc.fabric-api\fabric-model-loading-api-v1\8.0.3+c80601bb39\19ef8dab4660d06bd26357024e2733924ae4cdb\fabric-model-loading-api-v1-8.0.3+c80601bb39.jar;C:\Users\Vex4D\.gradle\caches\modules-2\files-2.1\net.fabricmc.fabric-api\fabric-renderer-indigo\8.0.2+a6be36ef39\3abc5ae5f10b05a08db6a9dca31b6bfb59971fb\fabric-renderer-indigo-8.0.2+a6be36ef39.jar;C:\Users\Vex4D\.gradle\caches\modules-2\files-2.1\net.fabricmc.fabric-api\fabric-renderer-api-v1\13.0.0+c80601bb39\c3e8c145aeee55f2e76c45718af25b0817be4584\fabric-renderer-api-v1-13.0.0+c80601bb39.jar;C:\Users\Vex4D\.gradle\caches\modules-2\files-2.1\net.fabricmc.fabric-api\fabric-rendering-v1\23.0.4+c7e428fd39\775fd4c6c91d75439ea3fe9fbb80aedb26d43763\fabric-rendering-v1-23.0.4+c7e428fd39.jar;C:\Users\Vex4D\.gradle\caches\modules-2\files-2.1\net.fabricmc.fabric-api\fabric-lifecycle-events-v1\4.0.6+a9b9c17639\1391e6ce52ad05c3ef51ec461ce31ed05b32e3b8\fabric-lifecycle-events-v1-4.0.6+a9b9c17639.jar;C:\Users\Vex4D\.gradle\caches\modules-2\files-2.1\net.fabricmc.fabric-api\fabric-loot-api-v3\3.0.11+00a1fba639\bb18f62d32df09d49d392f24fc59735c15782335\fabric-loot-api-v3-3.0.11+00a1fba639.jar;C:\Users\Vex4D\.gradle\caches\modules-2\files-2.1\net.fabricmc.fabric-api\fabric-menu-api-v1\2.0.12+d871b99e39\8e260bcc1209af6e41c575e7080a435cc280f6cf\fabric-menu-api-v1-2.0.12+d871b99e39.jar;C:\Users\Vex4D\.gradle\caches\modules-2\files-2.1\net.fabricmc.fabric-api\fabric-message-api-v1\7.0.5+dae8ce3e39\dd4aa0822a0e10f5c94aa2f1120cd90d49b937b3\fabric-message-api-v1-7.0.5+dae8ce3e39.jar;C:\Users\Vex4D\.gradle\caches\modules-2\files-2.1\net.fabricmc.fabric-api\fabric-particles-v1\5.0.14+b61fef4339\884817fa132fdbe59f7d17d374ca8c3db1731421\fabric-particles-v1-5.0.14+b61fef4339.jar;C:\Users\Vex4D\.gradle\caches\modules-2\files-2.1\net.fabricmc.fabric-api\fabric-object-builder-api-v1\23.0.13+b61fef4339\975f55b99405c8abb185661b289eb0e0686e9f4d\fabric-object-builder-api-v1-23.0.13+b61fef4339.jar;C:\Users\Vex4D\.gradle\caches\modules-2\files-2.1\net.fabricmc.fabric-api\fabric-registry-sync-v0\7.0.12+b61fef4339\be9ab6b5c123d594360b98fec40bed07d6dbe35\fabric-registry-sync-v0-7.0.12+b61fef4339.jar;C:\Users\Vex4D\.gradle\caches\modules-2\files-2.1\net.fabricmc.fabric-api\fabric-networking-api-v1\6.3.0+50a808ce39\98c91c80f1bb156ea293343a581abd747120b8d\fabric-networking-api-v1-6.3.0+50a808ce39.jar;C:\Users\Vex4D\.gradle\caches\modules-2\files-2.1\net.fabricmc.fabric-api\fabric-rendering-fluids-v1\6.0.1+d871b99e39\b9c07322aad9f74508b9996b01049822a8f2fd61\fabric-rendering-fluids-v1-6.0.1+d871b99e39.jar;C:\Users\Vex4D\.gradle\caches\modules-2\files-2.1\net.fabricmc.fabric-api\fabric-tag-api-v1\2.0.9+11a26f3139\2db761550726f440cec4e7203e1ba407fe7f1eca\fabric-tag-api-v1-2.0.9+11a26f3139.jar;C:\Users\Vex4D\.gradle\caches\modules-2\files-2.1\net.fabricmc.fabric-api\fabric-resource-loader-v0\3.3.16+4fc5413f39\a01c1e5b66047a2177866ef6c1968986f1ed528b\fabric-resource-loader-v0-3.3.16+4fc5413f39.jar;C:\Users\Vex4D\.gradle\caches\modules-2\files-2.1\net.fabricmc.fabric-api\fabric-resource-loader-v1\2.0.9+d871b99e39\65c314cfd24c9f50821686d05e5b18b569ec51ab\fabric-resource-loader-v1-2.0.9+d871b99e39.jar;C:\Users\Vex4D\.gradle\caches\modules-2\files-2.1\net.fabricmc.fabric-api\fabric-screen-api-v1\5.0.1+d871b99e39\1f5bc27c49357d4e22df816a476ffbbbff3f97b6\fabric-screen-api-v1-5.0.1+d871b99e39.jar;C:\Users\Vex4D\.gradle\caches\modules-2\files-2.1\net.fabricmc.fabric-api\fabric-api-base\2.0.3+ece0632339\5c9f61de9a3f982deec09f2f345d8aea1d0e1d7d\fabric-api-base-2.0.3+ece0632339.jar;C:\Users\Vex4D\.gradle\caches\modules-2\files-2.1\net.fabricmc.fabric-api\fabric-biome-api-v1\18.0.4+35c80edc39\cc953874bea507821c78f9e06be59ad2a13c2a9d\fabric-biome-api-v1-18.0.4+35c80edc39.jar;C:\Users\Vex4D\.gradle\caches\modules-2\files-2.1\net.fabricmc.fabric-api\fabric-block-api-v1\3.0.2+ec56b60139\85d612b2032b95f4709835fc6a7b28bec10ba819\fabric-block-api-v1-3.0.2+ec56b60139.jar;C:\Users\Vex4D\.gradle\caches\modules-2\files-2.1\net.fabricmc.fabric-api\fabric-block-getter-api-v2\2.0.6+ec56b60139\fb8fc18856e44b16b31e7a394f249b849b4b88ed\fabric-block-getter-api-v2-2.0.6+ec56b60139.jar;C:\Users\Vex4D\.gradle\caches\modules-2\files-2.1\net.fabricmc.fabric-api\fabric-client-gametest-api-v1\5.0.14+9c21967139\8f823f915f695247b5a9f1a03c2dd3cef027958c\fabric-client-gametest-api-v1-5.0.14+9c21967139.jar;C:\Users\Vex4D\.gradle\caches\modules-2\files-2.1\net.fabricmc.fabric-api\fabric-crash-report-info-v1\1.0.3+9f78a5a839\aac6fe7e043507af39bbe857b12b469cf91f3848\fabric-crash-report-info-v1-1.0.3+9f78a5a839.jar;C:\Users\Vex4D\.gradle\caches\modules-2\files-2.1\net.fabricmc.fabric-api\fabric-key-mapping-api-v1\2.0.4+e2bdee7839\1b1e4d6c551f2140827b9ed16478cadb8c81633a\fabric-key-mapping-api-v1-2.0.4+e2bdee7839.jar;C:\Users\Vex4D\.gradle\caches\modules-2\files-2.1\net.fabricmc.fabric-api\fabric-resource-conditions-api-v1\6.0.5+00a1fba639\838cfa9d7709a518263d7cac4f9eb2d3e5ea7e6d\fabric-resource-conditions-api-v1-6.0.5+00a1fba639.jar;C:\Users\Vex4D\.gradle\caches\modules-2\files-2.1\net.fabricmc.fabric-api\fabric-serialization-api-v1\2.0.3+11a26f3139\a4dad7cf50e6727879ebab013f947c078d9e6779\fabric-serialization-api-v1-2.0.3+11a26f3139.jar;C:\Users\Vex4D\.gradle\caches\modules-2\files-2.1\net.fabricmc.fabric-api\fabric-sound-api-v1\2.0.4+11a26f3139\29db65b5994288adbb30e50af802904beb968387\fabric-sound-api-v1-2.0.4+11a26f3139.jar;C:\Users\Vex4D\.gradle\caches\modules-2\files-2.1\net.fabricmc.fabric-api\fabric-transitive-access-wideners-v1\8.0.11+d871b99e39\f7b531d31939d10a244b3164624a93786df0b784\fabric-transitive-access-wideners-v1-8.0.11+d871b99e39.jar;C:\Users\Vex4D\OneDrive\Documents\archoptimize\versions\26.1.2\build\classes\java\main;C:\Users\Vex4D\OneDrive\Documents\archoptimize\versions\26.1.2\build\resources\main
Launcher Type: SUN_STANDARD

[Global flags]
     bool AOTAdapterCaching                        = false                                  {diagnostic} {ergonomic}
     bool AOTInvokeDynamicLinking                  = false                                  {diagnostic} {ergonomic}
     bool AOTRecordTraining                        = false                                  {diagnostic} {ergonomic}
     bool AOTReplayTraining                        = false                                  {diagnostic} {ergonomic}
     bool AOTStubCaching                           = false                                  {diagnostic} {ergonomic}
     intx CICompilerCount                          = 4                                         {product} {ergonomic}
     uint ConcGCThreads                            = 2                                         {product} {ergonomic}
     uint G1ConcRefinementThreads                  = 8                                         {product} {ergonomic}
     uint G1EagerReclaimRemSetThreshold            = 10                                   {experimental} {ergonomic}
   size_t G1HeapRegionSize                         = 1048576                                   {product} {ergonomic}
     uint G1RemSetArrayOfCardsEntries              = 10                                   {experimental} {ergonomic}
     uint G1RemSetHowlMaxNumBuckets                = 8                                    {experimental} {ergonomic}
     uint G1RemSetHowlNumBuckets                   = 4                                    {experimental} {ergonomic}
   size_t InitialHeapSize                          = 8388608                                   {product} {ergonomic}
     bool IntelJccErratumMitigation                = false                             {ARCH diagnostic} {ergonomic}
   size_t MarkStackSize                            = 4194304                                   {product} {ergonomic}
   size_t MarkStackSizeMax                         = 536870912                                 {product} {ergonomic}
   size_t MaxHeapSize                              = 2090860544                                {product} {ergonomic}
   size_t MaxNewSize                               = 1254096896                                {product} {ergonomic}
 uint64_t MaxRAM                                   = 8356814848                                {product} {ergonomic}
   size_t MinHeapDeltaBytes                        = 1048576                                   {product} {ergonomic}
   size_t MinHeapSize                              = 8388608                                   {product} {ergonomic}
   size_t NonNMethodCodeHeapSize                   = 5898240                                {pd product} {ergonomic}
   size_t NonProfiledCodeHeapSize                  = 122945536                              {pd product} {ergonomic}
   size_t ProfiledCodeHeapSize                     = 122945536                              {pd product} {ergonomic}
   size_t ReservedCodeCacheSize                    = 251789312                              {pd product} {ergonomic}
     bool SegmentedCodeCache                       = true                                      {product} {ergonomic}
   size_t SoftMaxHeapSize                          = 2090860544                             {manageable} {ergonomic}
     bool UseCompressedOops                        = true                           {product lp64_product} {ergonomic}
     bool UseCondCardMark                          = true                                      {product} {ergonomic}
     bool UseFastUnorderedTimeStamps               = true                                 {experimental} {ergonomic}
     bool UseG1GC                                  = true                                      {product} {ergonomic}
     bool UseLargePagesIndividualAllocation        = false                                  {pd product} {ergonomic}
      int X86ICacheSync                            = 2                                 {ARCH diagnostic} {ergonomic}

Logging:
Log output configuration:
 #0: stdout all=off uptime,level,tags foldmultilines=false
 #1: stderr all=off uptime,level,tags foldmultilines=false

Release file:
IMPLEMENTOR="Oracle Corporation" 
JAVA_RUNTIME_VERSION="26.0.1+8-34" 
JAVA_VERSION="26.0.1" 
JAVA_VERSION_DATE="2026-04-21" 
LIBC="default" 
MODULES="java.base java.compiler java.datatransfer java.xml java.prefs java.desktop java.instrument java.logging java.management java.security.sasl java.naming java.rmi java.management.rmi java.net.http java.scripting java.security.jgss java.transaction.xa java.sql java.sql.rowset java.xml.crypto java.se java.smartcardio jdk.accessibility jdk.internal.jvmstat jdk.attach jdk.charsets jdk.internal.opt jdk.zipfs jdk.compiler jdk.crypto.cryptoki jdk.crypto.ec jdk.crypto.mscapi jdk.dynalink jdk.internal.ed jdk.editpad jdk.internal.vm.ci jdk.graal.compiler jdk.graal.compiler.management jdk.hotspot.agent jdk.httpserver jdk.incubator.vector jdk.internal.le jdk.internal.md jdk.jartool jdk.javadoc jdk.jcmd jdk.management jdk.management.agent jdk.jconsole jdk.jdeps jdk.jdwp.agent jdk.jdi jdk.jfr jdk.jlink jdk.jpackage jdk.jshell jdk.jstatd jdk.localedata jdk.management.jfr jdk.naming.dns jdk.naming.rmi jdk.net jdk.nio.mapmode jdk.sctp jdk.security.auth jdk.security.jgss jdk.unsupported jdk.unsupported.desktop jdk.xml.dom" 
OS_ARCH="x86_64" 
OS_NAME="Windows" 
SOURCE=".:git:8fcde8268d22 open:git:fcc00fc4aee7" 

Environment Variables:
PATH=C:\Users\Vex4D\.codex\tmp\arg0\codex-arg0Nj3PzB;C:\Program Files\Common Files\Oracle\Java\javapath;C:\WINDOWS\system32;C:\WINDOWS;C:\WINDOWS\System32\Wbem;C:\WINDOWS\System32\WindowsPowerShell\v1.0\;C:\WINDOWS\System32\OpenSSH\;C:\Program Files\NVIDIA Corporation\NVIDIA App\NvDLISR;C:\Program Files (x86)\NVIDIA Corporation\PhysX\Common;C:\Program Files\nodejs\;C:\Users\Vex4D\AppData\Local\Microsoft\WindowsApps;C:\Users\Vex4D\AppData\Local\Programs\Microsoft VS Code\bin;C:\Users\Vex4D\AppData\Roaming\npm;C:\Users\Vex4D\AppData\Local\OpenAI\Codex\bin\ada252862d154cdd;C:\Program Files\WindowsApps\OpenAI.Codex_26.519.5221.0_x64__2p2nqsd0c76g0\app\resources
USERNAME=Vex4D
SHELL=C:\WINDOWS\System32\WindowsPowerShell\v1.0\powershell.exe
OS=Windows_NT
PROCESSOR_IDENTIFIER=Intel64 Family 6 Model 126 Stepping 5, GenuineIntel
TMP=C:\Users\Vex4D\AppData\Local\Temp
TEMP=C:\Users\Vex4D\AppData\Local\Temp




Compilation memory statistics disabled.

Periodic native trim disabled

---------------  S Y S T E M  ---------------

OS:
 Windows 11 , 64 bit Build 26100 (10.0.26100.8328)
OS uptime: 1 days 21:25 hours
Hyper-V role detected

CPU: total 8 (initial active 8) (4 cores per cpu, 2 threads per core) family 6 model 126 stepping 5 microcode 0xa0, cx8, cmov, fxsr, ht, mmx, 3dnowpref, sse, sse2, sse3, ssse3, sse4.1, sse4.2, popcnt, lzcnt, tsc, tscinvbit, avx, avx2, aes, erms, clmul, bmi1, bmi2, adx, avx512f, avx512dq, avx512cd, avx512bw, avx512vl, sha, fma, vzeroupper, avx512_vpopcntdq, avx512_vpclmulqdq, avx512_vaes, avx512_vnni, clflush, clflushopt, avx512_vbmi2, avx512_vbmi, hv, rdtscp, rdpid, fsrm, gfni, avx512_bitalg, f16c, avx512_ifma
Processor Information for the first 8 processors :
  Max Mhz: 1190, Current Mhz: 991, Mhz Limit: 987

Memory: 4k page, system-wide physical 7969M (674M free)
TotalPageFile size 18209M (AvailPageFile size 3193M)
current process WorkingSet (physical memory assigned to process): 735M, peak: 868M
current process commit charge ("private bytes"): 1292M, peak: 1312M

vm_info: Java HotSpot(TM) 64-Bit Server VM (26.0.1+8-34) for windows-amd64 JRE (26.0.1+8-34), built on 2026-03-10T17:24:10Z with MS VC++ 17.13 (VS2022)

END.
